experiment_id,student_id,problem_id,problem_part,scaffold_id,problem_condition,start_time,end_time,session_count,time_on_task,first_response_or_request_time,first_answer,correct,reported_score,answer_before_tutoring,attempt_count,hints_available,hints_given,scaffold_problems_available,scaffold_problems_given,explanation_available,explanation_given,answer_given,assistments_reference_problem_log_id
PSAJVP8,3851,PRAV3ZU,1,,Nonexperimental,2019-03-19 15:55:22.240000-04:00,2019-03-19 15:55:34.200000-04:00,1,11.96,11.953,WPI,True,1.0,True,1,0,0,0,0,False,False,False,236349
PSAJVP8,3851,PRAVMYN,1,,Treatment,2019-03-19 15:55:36.337000-04:00,2019-03-19 15:58:33.351000-04:00,1,177.014,176.982,.0594,True,1.0,True,1,0,0,1,0,False,False,False,236350
PSAJVP8,3851,PRAVMYQ,1,,Treatment,2019-03-19 15:58:36.259000-04:00,2019-03-19 16:01:31.280000-04:00,1,175.021,174.99,-.1274,True,1.0,True,1,0,0,1,0,False,False,False,236361
PSAJVP8,3902,PRAV3ZU,1,,Nonexperimental,2019-03-25 16:04:39.548000-04:00,2019-03-25 16:04:49.598000-04:00,1,10.05,10.047,WPI,True,1.0,True,1,0,0,0,0,False,False,False,256565
PSAJVP8,3902,PRAVMYN,1,,Treatment,2019-03-25 16:04:50.411000-04:00,2019-03-25 16:06:43.126000-04:00,1,112.715,88.932,3,False,0.0,True,1,0,0,1,1,False,False,False,256566
PSAJVP8,3902,PRAVMYN,1,854245.0,Treatment,2019-03-25 16:06:19.664000-04:00,2019-03-25 16:06:43.080000-04:00,1,23.462,23.413,0.0594,True,1.0,True,1,1,0,0,0,False,False,False,256569
PSAJVP8,3902,PRAVMYQ,1,,Treatment,2019-03-25 16:06:49.710000-04:00,,1,,,,,,,0,0,0,1,0,False,False,False,256570
PSAJVP8,3908,PRAV3ZU,1,,Nonexperimental,2019-03-19 08:48:30.303000-04:00,2019-03-21 21:40:10.289000-04:00,2,219099.986,219099.981,WPI,True,1.0,True,1,0,0,0,0,False,False,False,231056
PSAJVP8,3908,PRAV32Q,1,,Control,2019-03-21 21:40:11.943000-04:00,2019-03-21 21:47:13.399000-04:00,1,421.456,323.57,1.153,False,0.0,True,1,0,0,1,1,False,False,False,247299
PSAJVP8,3908,PRAV32Q,1,852599.0,Control,2019-03-21 21:45:35.743000-04:00,2019-03-21 21:47:13.304000-04:00,1,97.656,97.558,0.0594,True,1.0,True,1,0,0,0,0,False,False,False,247307
PSAJVP8,3908,PRAV32S,1,,Control,2019-03-21 21:47:16.335000-04:00,2019-03-21 21:50:14.135000-04:00,1,177.8,177.797,-0.1274,True,1.0,True,1,0,0,1,0,False,False,False,247311
PSAJVP8,3908,PRAV32V,1,,Control,2019-03-21 21:50:38.999000-04:00,2019-03-21 21:51:13.239000-04:00,1,34.24,21.45,2.441,False,0.0,True,1,0,0,1,1,False,False,False,247320
PSAJVP8,3908,PRAV32V,1,852609.0,Control,2019-03-21 21:51:00.632000-04:00,2019-03-21 21:51:13.121000-04:00,1,12.607,12.488,2.4417,True,1.0,True,1,0,0,0,0,False,False,False,247321
PSAJVP8,3908,PRAV32T,1,,Control,2019-03-21 21:51:15.227000-04:00,2019-03-21 21:52:29.476000-04:00,1,74.249,61.396,0.3010,False,0.0,True,1,0,0,1,1,False,False,False,247322
PSAJVP8,3908,PRAV32T,1,852605.0,Control,2019-03-21 21:52:16.803000-04:00,2019-03-21 21:52:29.372000-04:00,1,12.673,12.566,0.1505,True,1.0,True,1,0,0,0,0,False,False,False,247324
PSAJVP8,3908,PRAV32U,1,,Control,2019-03-21 21:52:44.590000-04:00,2019-03-21 21:53:00.842000-04:00,1,16.252,16.25,3.9844,True,1.0,True,1,0,0,1,0,False,False,False,247325
PSAJVP8,3908,PRAV32R,1,,Control,2019-03-21 21:53:02.106000-04:00,2019-03-21 21:53:51.147000-04:00,1,49.041,49.039,0.2310,True,1.0,True,1,0,0,1,0,False,False,False,247326
PSAJVP8,3908,PRAVMDQ,1,,Control,2019-03-21 21:53:52.370000-04:00,2019-03-21 21:54:07.442000-04:00,1,15.072,15.07,-0.5440,True,1.0,True,1,1,0,0,0,False,False,False,247327
PSAJVP8,3909,PRAV3ZU,1,,Nonexperimental,2019-03-30 17:15:56.043000-04:00,2019-03-30 17:16:35.746000-04:00,1,39.703,39.657,WPI,True,1.0,True,1,0,0,0,0,False,False,False,280465
PSAJVP8,3909,PRAV32Q,1,,Control,2019-03-30 17:16:39.791000-04:00,2019-03-30 17:18:20.626000-04:00,1,100.835,100.806,.0594,True,1.0,True,1,0,0,1,0,False,False,False,280466
PSAJVP8,3909,PRAV32S,1,,Control,2019-03-30 17:18:23.880000-04:00,2019-03-30 17:19:02.358000-04:00,1,38.478,38.459,-0.1274,True,1.0,True,1,0,0,1,0,False,False,False,280467
PSAJVP8,3910,PRAV3ZU,1,,Nonexperimental,2019-03-19 21:02:12.165000-04:00,2019-03-19 21:02:52.266000-04:00,1,40.101,40.096,WPI,True,1.0,True,1,0,0,0,0,False,False,False,236793
PSAJVP8,3910,PRAVMYN,1,,Treatment,2019-03-19 21:02:54.297000-04:00,2019-03-19 23:04:07.456000-04:00,2,7273.159,,,False,0.0,False,0,0,0,1,1,False,False,False,236794
PSAJVP8,3910,PRAVMYN,1,854245.0,Treatment,2019-03-19 23:01:57.161000-04:00,2019-03-19 23:04:07.384000-04:00,1,130.295,130.215,0.0594,True,1.0,True,1,1,0,0,0,False,False,False,236937
PSAJVP8,3912,PRAV3ZU,1,,Nonexperimental,2019-04-02 14:40:44.005000-04:00,2019-04-02 14:41:07.997000-04:00,1,23.992,23.957,Worcester poly technic institute,False,0.666666666666667,True,1,0,0,0,0,False,False,False,288670
PSAJVP8,3912,PRAVMYN,1,,Treatment,2019-04-02 14:41:14.514000-04:00,,1,,,,,,,0,0,0,1,0,False,False,False,288672
PSAJVP8,3914,PRAV3ZU,1,,Nonexperimental,2019-03-21 10:03:02.881000-04:00,2019-03-21 10:03:40.253000-04:00,1,37.372,37.359,Worcester Polytechnic Institute,False,0.666666666666667,True,1,0,0,0,0,False,False,False,242279
PSAJVP8,3914,PRAVMYN,1,,Treatment,2019-03-21 10:03:48.717000-04:00,,1,,,,,,,0,0,0,1,0,False,False,False,242308
PSAJVP8,3915,PRAV3ZU,1,,Nonexperimental,2019-03-25 09:37:28.211000-04:00,2019-03-25 09:37:41.337000-04:00,1,13.126,13.118,Wpi,False,0.666666666666667,True,1,0,0,0,0,False,False,False,253754
PSAJVP8,3915,PRAVMYN,1,,Treatment,2019-03-25 09:37:43.100000-04:00,,1,,,,,,,0,0,0,1,0,False,False,False,253755
PSAJVP8,3920,PRAV3ZU,1,,Nonexperimental,2019-03-29 13:39:27.865000-04:00,2019-04-02 10:13:14.694000-04:00,2,333226.829,333226.806,WPI,True,1.0,True,1,0,0,0,0,False,False,False,279365
PSAJVP8,3920,PRAV32Q,1,,Control,2019-04-02 10:13:16.313000-04:00,2019-04-02 10:18:05.846000-04:00,1,289.533,289.516,0.0594,True,1.0,True,1,0,0,1,0,False,False,False,285584
PSAJVP8,3920,PRAV32S,1,,Control,2019-04-02 10:23:40.182000-04:00,2019-04-02 10:24:50.713000-04:00,1,70.531,70.515,-0.1274,True,1.0,True,1,0,0,1,0,False,False,False,285683
PSAJVP8,3921,PRAV3ZU,1,,Nonexperimental,2019-03-19 11:10:04.277000-04:00,2019-03-19 23:41:08.042000-04:00,2,45063.765,45063.761,WPI,True,1.0,True,1,0,0,0,0,False,False,False,232281
PSAJVP8,3921,PRAVMYN,1,,Treatment,2019-03-19 23:41:08.701000-04:00,2019-03-19 23:43:21.935000-04:00,1,133.234,,,False,0.0,False,0,0,0,1,1,False,False,False,236977
PSAJVP8,3921,PRAVMYN,1,854245.0,Treatment,2019-03-19 23:41:16.874000-04:00,2019-03-19 23:43:21.843000-04:00,1,125.061,124.965,0.0594,True,1.0,True,1,1,0,0,0,False,False,False,236978
PSAJVP8,3921,PRAVMYQ,1,,Treatment,2019-03-19 23:43:29.410000-04:00,2019-03-19 23:46:13.080000-04:00,1,163.67,163.668,-0.1274,True,1.0,True,1,0,0,1,0,False,False,False,236983
PSAJVP8,3921,PRAV492,1,,Treatment,2019-03-19 23:46:14.697000-04:00,2019-03-19 23:49:00.422000-04:00,1,165.725,165.723,2.4416,True,1.0,True,1,0,0,1,0,False,False,False,236986
PSAJVP8,3921,PRAVMYW,1,,Treatment,2019-03-19 23:49:51.284000-04:00,2019-03-19 23:51:12.756000-04:00,1,81.472,81.47,0.1505,True,1.0,True,1,0,0,1,0,False,False,False,236989
PSAJVP8,3927,PRAV3ZU,1,,Nonexperimental,2019-03-21 11:43:49.149000-04:00,2019-03-21 11:44:10.480000-04:00,1,21.331,21.306,Worcester Polytechnic Institute,False,0.666666666666667,True,1,0,0,0,0,False,False,False,242991
PSAJVP8,3927,PRAV32Q,1,,Control,2019-03-21 11:44:12.967000-04:00,2019-03-21 11:48:02.985000-04:00,1,230.018,88.208,-5.3,False,0.0,True,2,0,0,1,1,False,False,False,242995
PSAJVP8,3927,PRAV32Q,1,852599.0,Control,2019-03-21 11:45:41.626000-04:00,2019-03-21 11:48:02.738000-04:00,1,141.262,,,True,1.0,,0,0,0,0,0,False,False,False,243003
PSAJVP8,3927,PRAV32S,1,,Control,2019-03-21 11:48:11.089000-04:00,2019-03-21 11:51:01.394000-04:00,1,170.305,170.297,-.1274,True,1.0,True,1,0,0,1,0,False,False,False,243023
PSAJVP8,3927,PRAV32V,1,,Control,2019-03-21 11:51:03.469000-04:00,2019-03-21 11:54:40.997000-04:00,1,217.528,72.103,1.7006,False,0.0,True,1,0,0,1,1,False,False,False,243061
PSAJVP8,3927,PRAV32V,1,852609.0,Control,2019-03-21 11:52:16.093000-04:00,2019-03-21 11:54:40.713000-04:00,1,144.904,144.615,2.4417,True,1.0,True,1,0,0,0,0,False,False,False,243065
PSAJVP8,3927,PRAV32T,1,,Control,2019-03-21 11:54:43.213000-04:00,2019-03-21 11:55:40.389000-04:00,1,57.176,57.169,.1505,True,1.0,True,1,0,0,1,0,False,False,False,243077
PSAJVP8,3927,PRAV32U,1,,Control,2019-03-21 11:55:55.912000-04:00,2019-03-21 11:57:17.139000-04:00,1,81.227,81.222,3.9844,True,1.0,True,1,0,0,1,0,False,False,False,243087
PSAJVP8,3927,PRAV32R,1,,Control,2019-03-21 11:57:18.461000-04:00,2019-03-21 12:02:24.520000-04:00,1,306.059,83.78,-.9986,False,0.0,True,1,0,0,1,1,False,False,False,243093
PSAJVP8,3927,PRAV32R,1,852601.0,Control,2019-03-21 11:58:42.758000-04:00,2019-03-21 12:02:24.236000-04:00,1,221.762,221.473,0.231,True,1.0,True,1,0,0,0,0,False,False,False,243100
PSAJVP8,3927,PRAVMDQ,1,,Control,2019-03-21 12:02:36.999000-04:00,2019-03-29 19:08:26.604000-04:00,2,716749.605,75.133,-.5440,False,0.666666666666667,False,1,1,0,0,0,False,False,False,243141
PSAJVP8,3927,PRAVME6,1,,Control,2019-03-29 19:08:28.452000-04:00,2019-03-29 19:09:50.808000-04:00,1,82.356,82.349,3.390,True,1.0,True,1,1,0,0,0,False,False,False,280418
PSAJVP8,3927,PRAVMC3,1,,Control,2019-03-29 19:09:52.357000-04:00,2019-03-29 19:14:03.405000-04:00,1,251.048,61.92,.4,False,0.0,True,3,1,0,0,0,False,False,True,280419
PSAJVP8,3927,PRAVME5,1,,Control,2019-03-29 19:14:04.932000-04:00,2019-03-29 19:15:19.941000-04:00,1,75.009,75.003,5.488,True,1.0,True,1,1,0,0,0,False,False,False,280420
PSAJVP8,3927,PRAVMC2,1,,Control,2019-03-29 19:15:21.429000-04:00,2019-03-29 19:16:37.266000-04:00,1,75.837,75.832,-.0120,True,1.0,True,1,1,0,0,0,False,False,False,280421
PSAJVP8,3927,PRAVME7,1,,Control,2019-03-29 19:16:38.666000-04:00,2019-03-29 19:20:06.319000-04:00,1,207.653,48.76,1.970,False,0.666666666666667,True,2,1,0,0,0,False,False,False,280422
PSAJVP8,3927,PRAVMDR,1,,Control,2019-03-29 19:20:07.842000-04:00,2019-03-29 19:20:59.278000-04:00,1,51.436,51.427,.1072,True,1.0,True,1,1,0,0,0,False,False,False,280424
PSAJVP8,3927,PRAVMC4,1,,Control,2019-03-29 19:21:00.535000-04:00,2019-03-29 19:22:03.317000-04:00,1,62.782,62.777,-.1605,True,1.0,True,1,1,0,0,0,False,False,False,280425
PSAJVP8,3927,PRAVME8,1,,Control,2019-03-29 19:22:04.983000-04:00,2019-03-29 19:22:52.805000-04:00,1,47.822,47.817,1.0708,True,1.0,True,1,1,0,0,0,False,False,False,280426
PSAJVP8,3933,PRAV3ZU,1,,Nonexperimental,2019-03-20 22:03:13.220000-04:00,2019-03-20 22:03:31.852000-04:00,1,18.632,18.619,wpi,False,0.666666666666667,True,1,0,0,0,0,False,False,False,241164
PSAJVP8,3933,PRAV32Q,1,,Control,2019-03-20 22:03:34.154000-04:00,2019-03-20 22:04:55.531000-04:00,1,81.377,,,False,0.0,False,0,0,0,1,1,False,False,False,241165
PSAJVP8,3933,PRAV32Q,1,852599.0,Control,2019-03-20 22:04:21.053000-04:00,2019-03-20 22:04:55.273000-04:00,1,34.478,20.229,0.0594,False,0.0,True,1,0,0,0,0,False,False,True,241166
PSAJVP8,3933,PRAV32S,1,,Control,2019-03-20 22:04:58.901000-04:00,2019-03-20 22:08:56.980000-04:00,1,238.079,,,False,0.0,False,0,0,0,1,1,False,False,False,241167
PSAJVP8,3933,PRAV32S,1,852603.0,Control,2019-03-20 22:05:01.839000-04:00,2019-03-20 22:08:56.688000-04:00,1,235.141,220.169,-0.1274,False,0.0,True,1,0,0,0,0,False,False,True,241168
PSAJVP8,3933,PRAV32V,1,,Control,2019-03-20 22:09:00.155000-04:00,2019-03-20 22:11:20.479000-04:00,1,140.324,,,False,0.0,False,0,0,0,1,1,False,False,False,241170
PSAJVP8,3933,PRAV32V,1,852609.0,Control,2019-03-20 22:10:49.029000-04:00,2019-03-20 22:11:20.160000-04:00,1,31.45,12.348,2.44166666666667,False,0.0,True,1,0,0,0,0,False,False,True,241177
PSAJVP8,3933,PRAV32T,1,,Control,2019-03-20 22:11:23.344000-04:00,2019-03-20 22:14:43.366000-04:00,1,200.022,,,False,0.0,False,0,0,0,1,1,False,False,False,241180
PSAJVP8,3933,PRAV32T,1,852605.0,Control,2019-03-20 22:11:30.094000-04:00,2019-03-20 22:14:43.065000-04:00,1,193.272,192.965,0.1505,True,1.0,True,1,0,0,0,0,False,False,False,241182
PSAJVP8,3933,PRAV32U,1,,Control,2019-03-20 22:15:09.811000-04:00,,2,,,,,,,0,0,0,1,0,False,False,False,241190
PSAJVP8,3936,PRAV3ZU,1,,Nonexperimental,2019-03-22 14:35:22.962000-04:00,2019-03-22 14:35:30.516000-04:00,1,7.554,7.55,WPI,True,1.0,True,1,0,0,0,0,False,False,False,252483
PSAJVP8,3936,PRAV32Q,1,,Control,2019-03-22 14:35:31.700000-04:00,,1,,,,,,,0,0,0,1,0,False,False,False,252484
PSAJVP8,3944,PRAV3ZU,1,,Nonexperimental,2019-03-19 16:23:44.144000-04:00,2019-03-19 16:23:53.073000-04:00,1,8.929,8.921,WPI,True,1.0,True,1,0,0,0,0,False,False,False,236412
PSAJVP8,3944,PRAV32Q,1,,Control,2019-03-19 16:23:55.151000-04:00,2019-03-19 16:34:16.860000-04:00,1,621.709,,,False,0.0,False,0,0,0,1,1,False,False,False,236414
PSAJVP8,3944,PRAV32Q,1,852599.0,Control,2019-03-19 16:32:39.001000-04:00,2019-03-19 16:34:16.660000-04:00,1,97.859,97.646,0.0594,True,1.0,True,1,0,0,0,0,False,False,False,236424
PSAJVP8,3944,PRAV32S,1,,Control,2019-03-19 16:34:32.639000-04:00,2019-03-19 16:38:11.189000-04:00,1,218.55,196.927,-0.2934,False,0.0,True,1,0,0,1,1,False,False,False,236427
PSAJVP8,3944,PRAV32S,1,852603.0,Control,2019-03-19 16:37:50.180000-04:00,2019-03-19 16:38:10.995000-04:00,1,21.009,20.806,-0.1274,True,1.0,True,1,0,0,0,0,False,False,False,236434
PSAJVP8,3944,PRAV32V,1,,Control,2019-03-19 16:38:14.702000-04:00,2019-03-19 16:41:36.749000-04:00,1,202.047,78.006,2.6823,False,0.0,True,1,0,0,1,1,False,False,False,236435
PSAJVP8,3944,PRAV32V,1,852609.0,Control,2019-03-19 16:39:33.061000-04:00,2019-03-19 16:41:36.430000-04:00,1,123.688,123.334,2.4416,True,1.0,True,1,0,0,0,0,False,False,False,236437
PSAJVP8,3944,PRAV32T,1,,Control,2019-03-19 16:41:40.642000-04:00,2019-03-19 16:42:46.974000-04:00,1,66.332,66.323,0.1505,True,1.0,True,1,0,0,1,0,False,False,False,236442
PSAJVP8,3944,PRAV32U,1,,Control,2019-03-19 16:42:49.010000-04:00,2019-03-19 16:45:06.372000-04:00,1,137.362,137.353,3.9844,True,1.0,True,1,0,0,1,0,False,False,False,236443
PSAJVP8,3944,PRAV32R,1,,Control,2019-03-19 16:45:08.064000-04:00,2019-03-19 16:46:39.208000-04:00,1,91.144,91.139,0.2310,True,1.0,True,1,0,0,1,0,False,False,False,236446
PSAJVP8,3949,PRAV3ZU,1,,Nonexperimental,2019-04-02 14:01:51.668000-04:00,,1,,,,,,,0,0,0,0,0,False,False,False,288161
PSAJVP8,3968,PRAV3ZU,1,,Nonexperimental,2019-03-31 17:53:50.330000-04:00,2019-03-31 17:54:15.199000-04:00,1,24.869,24.86,WPI,True,1.0,True,1,0,0,0,0,False,False,False,280628
PSAJVP8,3968,PRAV32Q,1,,Control,2019-03-31 17:54:20.079000-04:00,2019-03-31 17:57:40.226000-04:00,1,200.147,,,False,0.0,False,0,0,0,1,1,False,False,False,280629
PSAJVP8,3968,PRAV32Q,1,852599.0,Control,2019-03-31 17:56:40.823000-04:00,2019-03-31 17:57:39.996000-04:00,1,59.403,59.167,0.0594,True,1.0,True,1,0,0,0,0,False,False,False,280630
PSAJVP8,3968,PRAV32S,1,,Control,2019-03-31 17:57:50.274000-04:00,2019-03-31 18:05:00.324000-04:00,1,430.05,,,False,0.0,False,0,0,0,1,1,False,False,False,280631
PSAJVP8,3968,PRAV32S,1,852603.0,Control,2019-03-31 18:03:52.658000-04:00,2019-03-31 18:05:00.125000-04:00,1,67.666,67.462,-0.1274,True,1.0,True,1,0,0,0,0,False,False,False,280632
PSAJVP8,3968,PRAV32V,1,,Control,2019-03-31 18:05:02.654000-04:00,2019-03-31 18:11:09.712000-04:00,1,367.058,284.89,1.8,False,0.0,True,1,0,0,1,1,False,False,False,280633
PSAJVP8,3968,PRAV32V,1,852609.0,Control,2019-03-31 18:09:48.021000-04:00,2019-03-31 18:11:09.473000-04:00,1,81.691,81.447,2.4417,True,1.0,True,1,0,0,0,0,False,False,False,280634
PSAJVP8,3968,PRAV32T,1,,Control,2019-03-31 18:11:14.339000-04:00,2019-03-31 18:11:31.110000-04:00,1,16.771,,,False,0.0,False,0,0,0,1,1,False,False,False,280635
PSAJVP8,3968,PRAV32T,1,852605.0,Control,2019-03-31 18:11:19.255000-04:00,2019-03-31 18:11:30.887000-04:00,1,11.855,11.628,0.1505,True,1.0,True,1,0,0,0,0,False,False,False,280636
PSAJVP8,3968,PRAV32U,1,,Control,2019-03-31 18:12:53.933000-04:00,2019-03-31 18:15:45.912000-04:00,1,171.979,130.824,1.9010,False,0.0,True,1,0,0,1,1,False,False,False,280637
PSAJVP8,3968,PRAV32U,1,852607.0,Control,2019-03-31 18:15:05.171000-04:00,2019-03-31 18:15:45.624000-04:00,1,40.741,40.449,3.9845,True,1.0,True,1,0,0,0,0,False,False,False,280638
PSAJVP8,3968,PRAV32R,1,,Control,2019-03-31 18:15:48.408000-04:00,2019-03-31 18:17:08.436000-04:00,1,80.028,72.59,0.1003,False,0.0,True,1,0,0,1,1,False,False,False,280639
PSAJVP8,3968,PRAV32R,1,852601.0,Control,2019-03-31 18:17:01.354000-04:00,2019-03-31 18:17:08.174000-04:00,1,7.082,6.816,0.231,True,1.0,True,1,0,0,0,0,False,False,False,280640
PSAJVP8,3968,PRAVMDQ,1,,Control,2019-03-31 18:17:10.501000-04:00,2019-03-31 18:18:14.513000-04:00,1,908.512,64.008,-0.5440,True,1.0,True,1,1,0,0,0,False,False,False,280641
PSAJVP8,3968,PRAVME6,1,,Control,2019-03-31 18:18:17.941000-04:00,2019-03-31 18:21:50.644000-04:00,1,212.703,23.361,0.0510,False,0.0,True,5,1,1,0,0,False,False,True,280642
PSAJVP8,3968,PRAVMC3,1,,Control,2019-03-31 18:21:55.557000-04:00,2019-03-31 18:23:26.179000-04:00,1,534.903,22.28,0.0263,False,0.0,True,3,1,0,0,0,False,False,True,280644
PSAJVP8,3968,PRAVME5,1,,Control,2019-03-31 18:23:27.692000-04:00,2019-03-31 18:25:47.830000-04:00,1,140.138,28.707,1.6520,False,0.0,True,5,1,1,0,0,False,False,True,280645
PSAJVP8,3968,PRAVMC2,1,,Control,2019-03-31 18:25:49.636000-04:00,2019-03-31 18:26:30.782000-04:00,1,41.146,24.639,-0.0119,False,0.0,False,1,1,0,0,0,False,False,True,280646
PSAJVP8,3968,PRAVME7,1,,Control,2019-03-31 18:26:34.457000-04:00,2019-03-31 18:27:30.568000-04:00,1,56.111,11.026,46.6,False,0.0,False,2,1,1,0,0,False,False,True,280647
PSAJVP8,3968,PRAVMDR,1,,Control,2019-03-31 18:27:34.107000-04:00,2019-03-31 18:27:57.152000-04:00,1,23.045,10.499,0.1072,False,0.0,False,1,1,0,0,0,False,False,True,280648
PSAJVP8,3968,PRAVMC4,1,,Control,2019-03-31 18:27:59.694000-04:00,2019-03-31 18:28:13.107000-04:00,1,13.413,2.496,-0.1605,False,0.0,False,1,1,0,0,0,False,False,True,280649
PSAJVP8,3968,PRAVME8,1,,Control,2019-03-31 18:28:21.762000-04:00,2019-03-31 18:29:09.309000-04:00,1,47.547,2.23,09.64,False,0.0,False,2,1,1,0,0,False,False,True,280650
PSAJVP8,3968,PRAVMDS,1,,Control,2019-03-31 18:29:12.108000-04:00,2019-03-31 18:29:24.216000-04:00,1,12.108,2.138,0.0644,False,0.0,False,1,1,0,0,0,False,False,True,280651
PSAJVP8,3968,PRAVMDV,1,,Control,2019-03-31 18:29:27.699000-04:00,2019-03-31 18:29:49.617000-04:00,1,21.918,4.612,-0.1329,False,0.0,False,1,1,0,0,0,False,False,True,280652
PSAJVP8,3968,PRAVMDJ,1,,Control,2019-03-31 18:30:18.371000-04:00,2019-03-31 18:30:37.804000-04:00,2,19.433,2.715,-0.9542,False,0.0,False,1,1,0,0,0,False,False,True,280654
PSAJVP8,3968,PRAVMC3,1,,Control,2019-03-31 18:30:39.449000-04:00,2019-03-31 18:30:50.460000-04:00,1,534.903,11.007,0.0608,True,1.0,True,1,1,0,0,0,False,False,False,280655
PSAJVP8,3968,PRAVMDF,1,,Control,2019-03-31 18:30:52.569000-04:00,2019-03-31 18:31:14.322000-04:00,1,21.753,5.022,-0.629,False,0.0,False,1,1,0,0,0,False,False,True,280656
PSAJVP8,3968,PRAVMD4,1,,Control,2019-03-31 18:31:15.936000-04:00,2019-03-31 18:31:28.702000-04:00,1,12.766,2.343,-0.0919,False,0.0,False,1,1,0,0,0,False,False,True,280657
PSAJVP8,3968,PRAVMDQ,1,,Control,2019-03-31 18:31:30.178000-04:00,2019-03-31 18:32:19.013000-04:00,1,908.512,8.167,5.4406,False,0.0,False,2,1,0,0,0,False,False,True,280659
PSAJVP8,3969,PRAV3ZU,1,,Nonexperimental,2019-03-20 09:50:48.765000-04:00,2019-03-20 09:51:23.424000-04:00,1,34.659,34.647,Worcester Polytechnic Institute,False,0.666666666666667,True,1,0,0,0,0,False,False,False,237674
PSAJVP8,3969,PRAV32Q,1,,Control,2019-03-20 09:51:25.122000-04:00,2019-03-20 10:28:56.317000-04:00,2,2251.195,2229.287,0.059,False,0.0,True,1,0,0,1,1,False,False,False,237676
PSAJVP8,3969,PRAV32Q,1,852599.0,Control,2019-03-20 10:28:34.959000-04:00,2019-03-20 10:28:56-04:00,1,21.358,21.031,0.0594,True,1.0,True,1,0,0,0,0,False,False,False,237799
PSAJVP8,3969,PRAV32S,1,,Control,2019-03-20 10:28:58.604000-04:00,2019-03-20 10:29:42.790000-04:00,1,44.186,24.261,0.127,False,0.0,True,1,0,0,1,1,False,False,False,237803
PSAJVP8,3969,PRAV32S,1,852603.0,Control,2019-03-20 10:29:23.351000-04:00,2019-03-20 10:29:42.500000-04:00,1,19.439,10.864,0.1274,False,0.0,True,2,0,0,0,0,False,False,False,237806
PSAJVP8,3969,PRAV32V,1,,Control,2019-03-20 10:29:43.263000-04:00,2019-03-20 10:30:01.602000-04:00,1,18.339,18.333,2.4416,True,1.0,True,1,0,0,1,0,False,False,False,237811
PSAJVP8,3969,PRAV32T,1,,Control,2019-03-20 10:30:02.940000-04:00,2019-03-20 10:30:53.913000-04:00,1,50.973,50.966,0.1505,True,1.0,True,1,0,0,1,0,False,False,False,237813
PSAJVP8,3969,PRAV32U,1,,Control,2019-03-20 10:30:55.224000-04:00,2019-03-20 10:31:46.447000-04:00,1,51.223,35.049,3.984,False,0.0,True,1,0,0,1,1,False,False,False,237822
PSAJVP8,3969,PRAV32U,1,852607.0,Control,2019-03-20 10:31:30.810000-04:00,2019-03-20 10:31:46.131000-04:00,1,15.637,15.313,3.9845,True,1.0,True,1,0,0,0,0,False,False,False,237831
PSAJVP8,3969,PRAV32R,1,,Control,2019-03-20 10:31:46.846000-04:00,2019-03-20 10:32:09.788000-04:00,1,22.942,12.774,0.2341,False,0.0,True,1,0,0,1,1,False,False,False,237835
PSAJVP8,3969,PRAV32R,1,852601.0,Control,2019-03-20 10:32:00.125000-04:00,2019-03-20 10:32:09.412000-04:00,1,9.663,9.282,0.231,True,1.0,True,1,0,0,0,0,False,False,False,237841
PSAJVP8,3969,PRAVMDQ,1,,Control,2019-03-20 10:32:13.954000-04:00,2019-03-20 10:32:57.990000-04:00,1,44.036,15.047,0.5440,False,0.0,True,4,1,0,0,0,False,False,False,237844
PSAJVP8,3969,PRAVME6,1,,Control,2019-03-20 10:33:00.943000-04:00,2019-03-20 10:33:20.214000-04:00,1,753.488,19.265,3.390,True,1.0,True,1,1,0,0,0,False,False,False,237857
PSAJVP8,3969,PRAVMC3,1,,Control,2019-03-20 10:33:21.340000-04:00,2019-03-20 10:34:20.080000-04:00,1,58.74,20.432,0.060,False,0.0,True,8,1,0,0,0,False,False,True,237864
PSAJVP8,3969,PRAVME5,1,,Control,2019-03-20 10:34:22.403000-04:00,2019-03-20 10:34:50.587000-04:00,1,28.184,23.14,5.487,False,0.666666666666667,True,2,1,0,0,0,False,False,False,237880
PSAJVP8,3969,PRAVMC2,1,,Control,2019-03-20 10:34:53.516000-04:00,2019-03-20 10:35:27.534000-04:00,1,34.018,19.613,0.011,False,0.0,True,4,1,0,0,0,False,False,False,237889
PSAJVP8,3969,PRAVME7,1,,Control,2019-03-20 10:35:29.536000-04:00,2019-03-20 10:36:06.669000-04:00,2,334.788,20.302,1.969,False,0.333333333333333,True,3,1,0,0,0,False,False,False,237900
PSAJVP8,3969,PRAVMDR,1,,Control,2019-03-20 10:36:12.467000-04:00,2019-03-20 10:37:02.153000-04:00,1,49.686,21.14,0.1071,False,0.0,True,6,1,0,0,0,False,False,True,237904
PSAJVP8,3969,PRAVMC4,1,,Control,2019-03-20 10:37:04.177000-04:00,2019-03-20 10:37:34.348000-04:00,1,416.064,17.366,0.1605,False,0.333333333333333,True,3,1,0,0,0,False,False,False,237915
PSAJVP8,3969,PRAVME8,1,,Control,2019-03-20 10:37:38.132000-04:00,2019-03-20 10:38:01.336000-04:00,1,23.204,23.198,1.0708,True,1.0,True,1,1,0,0,0,False,False,False,237923
PSAJVP8,3969,PRAVMDS,1,,Control,2019-03-20 10:38:02.373000-04:00,2019-03-20 10:38:26.521000-04:00,1,24.148,19.047,0.0645,False,0.666666666666667,True,2,1,0,0,0,False,False,False,237927
PSAJVP8,3969,PRAVMFD,1,,Control,2019-03-20 10:38:28.015000-04:00,2019-03-20 10:38:57.918000-04:00,1,29.903,29.897,1.6064,True,1.0,True,1,1,0,0,0,False,False,False,237930
PSAJVP8,3969,PRAVMCS,1,,Control,2019-03-20 10:39:00.021000-04:00,2019-03-20 10:39:40.299000-04:00,1,40.278,21.112,0.3358,False,0.0,True,4,1,0,0,0,False,False,False,237939
PSAJVP8,3969,PRAVMCA,1,,Control,2019-03-20 10:39:42.092000-04:00,2019-03-20 10:40:07.305000-04:00,1,25.213,25.208,0.0558,True,1.0,True,1,1,0,0,0,False,False,False,237951
PSAJVP8,3969,PRAVME7,1,,Control,2019-03-20 10:40:37.963000-04:00,2019-03-20 10:41:04.324000-04:00,2,334.788,26.351,1.9691,True,1.0,True,1,1,0,0,0,False,False,False,237975
PSAJVP8,3969,PRAVMEQ,1,,Control,2019-03-20 10:41:05.555000-04:00,2019-03-20 10:41:40.056000-04:00,1,34.501,17.007,2.501,False,0.0,True,4,1,0,0,0,False,False,False,237985
PSAJVP8,3969,PRAVMCW,1,,Control,2019-03-20 10:41:41.157000-04:00,2019-03-20 10:42:26.475000-04:00,1,45.318,26.43,0.0456,False,0.0,True,5,1,0,0,0,False,False,False,238004
PSAJVP8,3969,PRAVMB8,1,,Control,2019-03-20 10:42:28.400000-04:00,2019-03-20 10:43:03.514000-04:00,1,35.114,23.758,1.2527,False,0.0,True,4,1,0,0,0,False,False,False,238019
PSAJVP8,3969,PRAVMEU,1,,Control,2019-03-20 10:43:07.230000-04:00,2019-03-20 10:43:26.877000-04:00,1,19.647,19.642,1.3600,True,1.0,True,1,1,0,0,0,False,False,False,238033
PSAJVP8,3969,PRAVMC4,1,,Control,2019-03-20 10:43:28.376000-04:00,2019-03-20 10:44:00.241000-04:00,1,416.064,14.535,0.1604,False,0.0,True,4,1,0,0,0,False,False,False,238046
PSAJVP8,3969,PRAVMDA,1,,Control,2019-03-20 10:44:04.899000-04:00,2019-03-20 10:44:28.183000-04:00,1,23.284,23.279,0.1719,True,1.0,True,1,1,0,0,0,False,False,False,238059
PSAJVP8,3969,PRAVME6,1,,Control,2019-03-20 10:44:29.071000-04:00,2019-03-20 10:45:34.431000-04:00,1,753.488,65.355,3.3903,True,1.0,True,1,1,0,0,0,False,False,False,238074
PSAJVP8,3969,PRAVMEZ,1,,Control,2019-03-20 10:45:36.122000-04:00,2019-03-20 10:45:53.452000-04:00,1,17.33,17.324,2.0195,True,1.0,True,1,1,0,0,0,False,False,False,238103
PSAJVP8,3971,PRAV3ZU,1,,Nonexperimental,2019-03-27 20:50:45.202000-04:00,,1,,,,,,,0,0,0,0,0,False,False,False,267501
PSAJVP8,3976,PRAV3ZU,1,,Nonexperimental,2019-03-20 22:44:38.621000-04:00,2019-03-20 22:44:47.177000-04:00,1,8.556,8.547,WPI,True,1.0,True,1,0,0,0,0,False,False,False,241211
PSAJVP8,3976,PRAVMYN,1,,Treatment,2019-03-20 22:44:48.560000-04:00,2019-03-20 22:47:52.943000-04:00,1,184.383,,,False,0.0,False,0,0,0,1,1,False,False,False,241212
PSAJVP8,3976,PRAVMYN,1,854245.0,Treatment,2019-03-20 22:45:07.874000-04:00,2019-03-20 22:47:52.809000-04:00,1,165.069,164.929,0.0594,True,1.0,True,1,1,0,0,0,False,False,False,241213
PSAJVP8,3976,PRAVMYQ,1,,Treatment,2019-03-20 22:48:01.633000-04:00,2019-03-20 22:49:56.428000-04:00,1,114.795,,,False,0.0,False,0,0,0,1,1,False,False,False,241214
PSAJVP8,3976,PRAVMYQ,1,854247.0,Treatment,2019-03-20 22:48:36.275000-04:00,2019-03-20 22:49:56.289000-04:00,1,80.153,80.006,-0.1274,True,1.0,True,1,1,0,0,0,False,False,False,241215
PSAJVP8,3976,PRAV492,1,,Treatment,2019-03-20 22:49:58.517000-04:00,2019-03-20 22:54:09.739000-04:00,2,251.222,,,False,0.0,False,0,0,0,1,1,False,False,False,241216
PSAJVP8,3976,PRAV492,1,854262.0,Treatment,2019-03-20 22:51:08.733000-04:00,2019-03-20 22:54:09.604000-04:00,2,181.006,180.859,2.4416,True,1.0,True,1,1,0,0,0,False,False,False,241217
PSAJVP8,3976,PRAVMYW,1,,Treatment,2019-03-20 22:54:13.114000-04:00,2019-03-20 22:56:06.190000-04:00,1,113.076,92.284,.15,False,0.0,True,3,0,0,1,1,False,False,False,241220
PSAJVP8,3976,PRAVMYW,1,854248.0,Treatment,2019-03-20 22:55:46.124000-04:00,2019-03-20 22:56:06.055000-04:00,1,8.288,,,True,1.0,,0,1,0,0,0,False,False,False,241224
PSAJVP8,3976,PRAV49Z,1,,Treatment,2019-03-20 22:56:10.788000-04:00,2019-03-20 22:58:48.383000-04:00,1,157.595,77.845,0.1593,False,0.0,True,2,0,0,1,1,False,False,False,241225
PSAJVP8,3976,PRAV49Z,1,854255.0,Treatment,2019-03-20 22:57:29.429000-04:00,2019-03-20 22:58:48.173000-04:00,1,13.179,78.734,3.9844,True,1.0,True,1,1,0,0,0,False,False,False,241226
PSAJVP8,3976,PRAVMYP,1,,Treatment,2019-03-20 22:58:52.099000-04:00,2019-03-20 23:01:44.444000-04:00,1,172.345,119.66,-0.2310,False,0.0,True,2,0,0,1,1,False,False,False,241227
PSAJVP8,3976,PRAVMYP,1,854246.0,Treatment,2019-03-20 23:00:52.721000-04:00,2019-03-20 23:01:44.305000-04:00,1,51.649,,,True,1.0,,0,1,0,0,0,False,False,False,241228
PSAJVP8,3976,PRAVMDQ,1,,Treatment,2019-03-20 23:01:45.812000-04:00,,1,88.426,88.426,0.544,False,0.666666666666667,True,1,1,0,0,0,False,False,False,241229
PSAJVP8,3977,PRAV3ZU,1,,Nonexperimental,2019-03-21 10:48:10.369000-04:00,2019-03-21 10:48:17.323000-04:00,1,6.954,2.022,Wpi,False,0.0,True,1,0,0,0,0,False,False,True,242569
PSAJVP8,3977,PRAV32Q,1,,Control,2019-03-21 10:48:18.802000-04:00,2019-03-21 10:48:38.071000-04:00,1,19.269,,,False,0.0,False,0,0,0,1,1,False,False,False,242571
PSAJVP8,3977,PRAV32Q,1,852599.0,Control,2019-03-21 10:48:24.245000-04:00,2019-03-21 10:48:38.009000-04:00,1,13.826,2.046,0.0594,False,0.0,True,1,0,0,0,0,False,False,True,242573
PSAJVP8,3977,PRAV32S,1,,Control,2019-03-21 10:49:09.073000-04:00,2019-03-21 10:49:35.064000-04:00,1,25.991,,,False,0.0,False,0,0,0,1,1,False,False,False,242579
PSAJVP8,3977,PRAV32S,1,852603.0,Control,2019-03-21 10:49:15.818000-04:00,2019-03-21 10:49:34.992000-04:00,1,19.246,8.804,-0.1274,False,0.0,True,1,0,0,0,0,False,False,True,242582
PSAJVP8,3977,PRAV32V,1,,Control,2019-03-21 10:49:38.566000-04:00,2019-03-21 10:49:56.298000-04:00,1,17.732,9.009,0.5,False,0.0,True,1,0,0,1,1,False,False,False,242583
PSAJVP8,3977,PRAV32V,1,852609.0,Control,2019-03-21 10:49:47.858000-04:00,2019-03-21 10:49:56.209000-04:00,1,8.44,8.346,2.4417,True,1.0,True,1,0,0,0,0,False,False,False,242584
PSAJVP8,3977,PRAV32T,1,,Control,2019-03-21 10:50:04.066000-04:00,2019-03-21 10:50:28.041000-04:00,1,23.975,,,False,0.0,False,0,0,0,1,1,False,False,False,242585
PSAJVP8,3977,PRAV32T,1,852605.0,Control,2019-03-21 10:50:13.321000-04:00,2019-03-21 10:50:27.952000-04:00,1,14.72,14.621,0.1505,True,1.0,True,1,0,0,0,0,False,False,False,242587
PSAJVP8,3977,PRAV32U,1,,Control,2019-03-21 10:50:31.274000-04:00,,1,,,,,,,0,0,0,1,0,False,False,False,242588
PSAJVP8,3978,PRAV3ZU,1,,Nonexperimental,2019-03-19 22:42:15.594000-04:00,2019-03-19 22:42:24.493000-04:00,1,8.899,8.881,WPI,True,1.0,True,1,0,0,0,0,False,False,False,236910
PSAJVP8,3978,PRAV32Q,1,,Control,2019-03-19 22:42:26.253000-04:00,2019-03-19 22:43:00.772000-04:00,1,34.519,34.51,0.0594,True,1.0,True,1,0,0,1,0,False,False,False,236912
PSAJVP8,3978,PRAV32S,1,,Control,2019-03-19 22:43:02.656000-04:00,2019-03-19 22:44:05.459000-04:00,1,62.803,27.844,.1274,False,0.0,True,1,0,0,1,1,False,False,False,236914
PSAJVP8,3978,PRAV32S,1,852603.0,Control,2019-03-19 22:43:31.179000-04:00,2019-03-19 22:44:04.999000-04:00,1,34.28,33.807,-0.1274,True,1.0,True,1,0,0,0,0,False,False,False,236915
PSAJVP8,3978,PRAV32V,1,,Control,2019-03-19 22:44:12.539000-04:00,2019-03-19 22:44:53.312000-04:00,1,40.773,19.245,2.441,False,0.0,True,1,0,0,1,1,False,False,False,236917
PSAJVP8,3978,PRAV32V,1,852609.0,Control,2019-03-19 22:44:32.259000-04:00,2019-03-19 22:44:52.802000-04:00,1,21.053,20.537,2.4417,True,1.0,True,1,0,0,0,0,False,False,False,236918
PSAJVP8,3978,PRAV32T,1,,Control,2019-03-19 22:44:56.518000-04:00,2019-03-19 22:45:16.186000-04:00,1,19.668,19.661,0.1505,True,1.0,True,1,0,0,1,0,False,False,False,236919
PSAJVP8,3978,PRAV32U,1,,Control,2019-03-19 22:45:17.684000-04:00,2019-03-19 22:45:35.637000-04:00,1,17.953,17.948,3.9844,True,1.0,True,1,0,0,1,0,False,False,False,236920
PSAJVP8,3978,PRAV32R,1,,Control,2019-03-19 22:45:37.185000-04:00,2019-03-19 22:46:05.647000-04:00,1,28.462,28.43,0.2310,True,1.0,True,1,0,0,1,0,False,False,False,236921
PSAJVP8,4005,PRAV3ZU,1,,Nonexperimental,2019-03-28 17:52:10.177000-04:00,2019-03-28 17:53:08.020000-04:00,1,57.843,57.824,WPI,True,1.0,True,1,0,0,0,0,False,False,False,274557
PSAJVP8,4005,PRAVMYN,1,,Treatment,2019-03-28 17:53:09.606000-04:00,2019-03-28 17:59:19.832000-04:00,1,370.226,120.378,0000.7,False,0.0,True,1,0,0,1,1,False,False,False,274558
PSAJVP8,4005,PRAVMYN,1,854245.0,Treatment,2019-03-28 17:55:11.079000-04:00,2019-03-28 17:59:19.758000-04:00,1,248.753,248.671,0.0594,True,1.0,True,1,1,0,0,0,False,False,False,274561
PSAJVP8,4005,PRAVMYQ,1,,Treatment,2019-03-28 17:59:33.267000-04:00,2019-03-28 18:05:07.668000-04:00,1,334.401,183.983,1.1142,False,0.0,True,1,0,0,1,1,False,False,False,274566
PSAJVP8,4005,PRAVMYQ,1,854247.0,Treatment,2019-03-28 18:02:38.377000-04:00,2019-03-28 18:05:07.559000-04:00,1,149.291,149.175,-0.1274,True,1.0,True,1,1,0,0,0,False,False,False,274571
PSAJVP8,4005,PRAV492,1,,Treatment,2019-03-28 18:05:18.878000-04:00,2019-03-28 18:09:46.859000-04:00,1,267.981,99.68,-0.7142,False,0.0,True,1,0,0,1,1,False,False,False,274585
PSAJVP8,4005,PRAV492,1,854262.0,Treatment,2019-03-28 18:06:59.647000-04:00,2019-03-28 18:09:46.768000-04:00,1,167.212,167.112,2.4416,True,1.0,True,1,1,0,0,0,False,False,False,274597
PSAJVP8,4005,PRAVMYW,1,,Treatment,2019-03-28 18:09:59.682000-04:00,2019-03-28 18:13:41.364000-04:00,1,221.682,221.668,0.1505,True,1.0,True,1,0,0,1,0,False,False,False,274617
PSAJVP8,4005,PRAV49Z,1,,Treatment,2019-03-28 18:13:43.142000-04:00,2019-03-28 18:18:57.501000-04:00,1,314.359,219.539,0.1593,False,0.0,True,1,0,0,1,1,False,False,False,274682
PSAJVP8,4005,PRAV49Z,1,854255.0,Treatment,2019-03-28 18:17:23.887000-04:00,2019-03-28 18:18:57.371000-04:00,1,93.614,93.477,3.9844,True,1.0,True,1,1,0,0,0,False,False,False,274715
PSAJVP8,4005,PRAVMYP,1,,Treatment,2019-03-28 18:19:02.036000-04:00,,1,,,,,,,0,0,0,1,0,False,False,False,274728
PSAJVP8,4006,PRAV3ZU,1,,Nonexperimental,2019-03-20 09:05:42.106000-04:00,2019-03-20 09:06:37.919000-04:00,1,55.813,55.793,WPI,True,1.0,True,1,0,0,0,0,False,False,False,237545
PSAJVP8,4006,PRAVMYN,1,,Treatment,2019-03-20 09:06:42.865000-04:00,,1,,,,,,,0,0,0,1,0,False,False,False,237555
PSAJVP8,4060,PRAV3ZU,1,,Nonexperimental,2019-03-27 23:41:01.148000-04:00,2019-03-27 23:43:08.012000-04:00,1,126.864,126.851,WPI,True,1.0,True,1,0,0,0,0,False,False,False,267632
PSAJVP8,4060,PRAVMYN,1,,Treatment,2019-03-27 23:43:10.324000-04:00,2019-03-27 23:45:08.586000-04:00,1,118.262,,,False,0.0,False,0,0,0,1,1,False,False,False,267633
PSAJVP8,4060,PRAVMYN,1,854245.0,Treatment,2019-03-27 23:44:05.310000-04:00,2019-03-27 23:45:08.359000-04:00,1,63.276,63.042,0.0594,True,1.0,True,1,1,0,0,0,False,False,False,267634
PSAJVP8,4060,PRAVMYQ,1,,Treatment,2019-03-27 23:45:11.834000-04:00,2019-03-27 23:47:01.722000-04:00,1,109.888,36.799,0.0078,False,0.0,True,1,0,0,1,1,False,False,False,267635
PSAJVP8,4060,PRAVMYQ,1,854247.0,Treatment,2019-03-27 23:45:49.089000-04:00,2019-03-27 23:47:01.481000-04:00,1,72.633,41.145,0.1274,False,0.0,True,2,1,0,0,0,False,False,False,267636
PSAJVP8,4060,PRAV492,1,,Treatment,2019-03-27 23:47:05.171000-04:00,2019-03-27 23:47:57.021000-04:00,1,51.85,26.919,0.1367,False,0.0,True,1,0,0,1,1,False,False,False,267637
PSAJVP8,4060,PRAV492,1,854262.0,Treatment,2019-03-27 23:47:32.644000-04:00,2019-03-27 23:47:56.726000-04:00,1,24.377,24.076,2.4416,True,1.0,True,1,1,0,0,0,False,False,False,267638
PSAJVP8,4060,PRAVMYW,1,,Treatment,2019-03-27 23:48:01.541000-04:00,2019-03-27 23:49:34.891000-04:00,1,93.35,59.598,10.2,False,0.0,True,1,0,0,1,1,False,False,False,267640
PSAJVP8,4060,PRAVMYW,1,854248.0,Treatment,2019-03-27 23:49:01.595000-04:00,2019-03-27 23:49:34.655000-04:00,1,33.296,33.056,0.1505,True,1.0,True,1,1,0,0,0,False,False,False,267641
PSAJVP8,4060,PRAV49Z,1,,Treatment,2019-03-27 23:50:58.294000-04:00,2019-03-28 00:06:11.090000-04:00,3,912.796,,,False,0.0,False,0,0,0,1,1,False,False,False,267643
PSAJVP8,4060,PRAV49Z,1,854255.0,Treatment,2019-03-28 00:04:45.405000-04:00,2019-03-28 00:06:10.704000-04:00,1,85.685,85.279,3.9844,True,1.0,True,1,1,0,0,0,False,False,False,267658
PSAJVP8,4060,PRAVMYP,1,,Treatment,2019-03-28 00:07:06.010000-04:00,2019-03-28 00:23:21.822000-04:00,1,975.812,951.318,0.2340,False,0.0,True,1,0,0,1,1,False,False,False,267659
PSAJVP8,4060,PRAVMYP,1,854246.0,Treatment,2019-03-28 00:22:58.010000-04:00,2019-03-28 00:23:21.600000-04:00,1,23.812,23.583,0.231,True,1.0,True,1,1,0,0,0,False,False,False,267667
PSAJVP8,4060,PRAVMDQ,1,,Treatment,2019-03-28 00:23:24.041000-04:00,2019-04-02 22:19:47.925000-04:00,2,510983.884,22.389,0.544,False,0.0,True,3,1,0,0,0,False,False,True,267668
PSAJVP8,4060,PRAVME6,1,,Treatment,2019-04-02 22:19:49.892000-04:00,2019-04-03 08:13:40.847000-04:00,1,35630.955,35439.701,4,False,0.666666666666667,True,2,1,0,0,0,False,False,False,290062
PSAJVP8,4060,PRAVMC3,1,,Treatment,2019-04-03 08:13:43.696000-04:00,2019-04-03 08:15:16.555000-04:00,1,92.859,48.998,0.059,False,0.0,True,3,1,0,0,0,False,False,True,290270
PSAJVP8,4060,PRAVME5,1,,Treatment,2019-04-03 08:15:22.832000-04:00,2019-04-03 08:16:23.821000-04:00,1,60.989,60.982,5.4880,True,1.0,True,1,1,0,0,0,False,False,False,290271
PSAJVP8,4060,PRAVMC2,1,,Treatment,2019-04-03 08:16:27.077000-04:00,2019-04-03 08:18:10.325000-04:00,1,103.248,80.714,3279.0538,False,0.0,True,2,1,0,0,0,False,False,True,290276
PSAJVP8,4060,PRAVME7,1,,Treatment,2019-04-03 08:18:13.499000-04:00,2019-04-03 08:19:38.250000-04:00,1,84.751,59.302,2.0,False,0.666666666666667,True,2,1,0,0,0,False,False,False,290301
PSAJVP8,4060,PRAVMDR,1,,Treatment,2019-04-03 08:19:39.991000-04:00,2019-04-03 09:21:27.160000-04:00,1,3707.169,31.079,0,False,0.0,True,2,1,0,0,0,False,False,True,290307
PSAJVP8,4060,PRAVMC4,1,,Treatment,2019-04-03 09:21:28.861000-04:00,2019-04-03 09:23:07.080000-04:00,1,98.219,54.248,-01605,False,0.0,False,2,1,0,0,0,False,False,True,290438
PSAJVP8,4060,PRAVME8,1,,Treatment,2019-04-03 09:23:09.934000-04:00,2019-04-03 09:24:06.605000-04:00,1,56.671,56.666,1.0708,True,1.0,True,1,1,0,0,0,False,False,False,290440
PSAJVP8,4060,PRAVMDS,1,,Treatment,2019-04-03 09:24:12.415000-04:00,2019-04-03 09:26:03.777000-04:00,2,47883.638,111.356,0.0644,True,1.0,True,1,1,0,0,0,False,False,False,290443
PSAJVP8,4060,PRAVMDS,1,,Treatment,2019-04-03 14:22:23.184000-04:00,2019-04-03 22:42:16.053000-04:00,2,47883.638,29981.937,0.00644,False,0.666666666666667,True,2,1,0,0,0,False,False,False,292360
PSAJVP8,4060,PRAVMDB,1,,Treatment,2019-04-03 22:42:18.415000-04:00,2019-04-03 22:43:41.421000-04:00,1,83.006,45.065,0.401,False,0.333333333333333,True,3,1,0,0,0,False,False,False,293820
PSAJVP8,4060,PRAVMEP,1,,Treatment,2019-04-03 22:43:43.314000-04:00,2019-04-03 22:45:17.396000-04:00,1,94.082,81.874,4.0,False,0.666666666666667,True,2,1,0,0,0,False,False,False,293821
PSAJVP8,4060,PRAVMFA,1,,Treatment,2019-04-03 22:45:21.048000-04:00,2019-04-03 22:46:06.620000-04:00,1,45.572,45.566,5.050015,True,1.0,True,1,1,0,0,0,False,False,False,293823
PSAJVP8,4060,PRAVMD7,1,,Treatment,2019-04-03 22:46:08.702000-04:00,2019-04-03 22:46:54.378000-04:00,1,45.676,45.668,-0.056849,True,1.0,True,1,1,0,0,0,False,False,False,293824
PSAJVP8,4060,PRAVMET,1,,Treatment,2019-04-03 22:46:57.043000-04:00,2019-04-03 22:47:49.730000-04:00,1,52.687,52.683,0.853362,True,1.0,True,1,1,0,0,0,False,False,False,293826
PSAJVP8,4069,PRAV3ZU,1,,Nonexperimental,2019-03-31 17:07:26.983000-04:00,2019-03-31 19:27:01.851000-04:00,2,8374.868,8374.86,WPI,True,1.0,True,1,0,0,0,0,False,False,False,280605
PSAJVP8,4069,PRAVMYN,1,,Treatment,2019-03-31 19:27:03.464000-04:00,2019-03-31 19:58:10.221000-04:00,2,1866.757,1866.746,.0594,True,1.0,True,1,0,0,1,0,False,False,False,280673
PSAJVP8,4069,PRAVMYQ,1,,Treatment,2019-03-31 19:58:12.561000-04:00,2019-03-31 20:02:40.378000-04:00,1,267.817,246.573,.1274,False,0.0,True,1,0,0,1,1,False,False,False,280674
PSAJVP8,4069,PRAVMYQ,1,854247.0,Treatment,2019-03-31 20:02:19.682000-04:00,2019-03-31 20:02:40.159000-04:00,1,20.696,20.472,-.1274,True,1.0,True,1,1,0,0,0,False,False,False,280675
PSAJVP8,4069,PRAV492,1,,Treatment,2019-03-31 20:02:48.736000-04:00,2019-03-31 20:04:19.147000-04:00,1,90.411,90.406,2.4416,True,1.0,True,1,0,0,1,0,False,False,False,280676
PSAJVP8,4069,PRAVMYW,1,,Treatment,2019-03-31 20:04:21.646000-04:00,2019-03-31 20:05:50.541000-04:00,1,88.895,88.889,0.1505,True,1.0,True,1,0,0,1,0,False,False,False,280677
PSAJVP8,4069,PRAV49Z,1,,Treatment,2019-03-31 20:05:52.677000-04:00,2019-03-31 20:06:19.941000-04:00,1,27.264,27.259,3.9844,True,1.0,True,1,0,0,1,0,False,False,False,280678
PSAJVP8,4078,PRAV3ZU,1,,Nonexperimental,2019-04-04 08:31:23.841000-04:00,2019-04-04 08:31:45.763000-04:00,1,21.922,21.915,worcester polytechnic institute,False,0.666666666666667,True,1,0,0,0,0,False,False,False,294526
PSAJVP8,4078,PRAVMYN,1,,Treatment,2019-04-04 08:31:47.140000-04:00,,1,13.066,,,,,False,0,0,0,1,1,False,False,False,294527
PSAJVP8,4078,PRAVMYN,1,854245.0,Treatment,2019-04-04 08:31:53.622000-04:00,,1,6.584,4.086,,False,0.0,False,0,1,0,0,0,False,False,True,294528
PSAJVP8,4090,PRAV3ZU,1,,Nonexperimental,2019-04-04 08:08:35.956000-04:00,2019-04-04 08:28:30.283000-04:00,2,1194.327,1194.321,Worcester Polytechnic Institute,False,0.666666666666667,True,1,0,0,0,0,False,False,False,294274
PSAJVP8,4090,PRAVMYN,1,,Treatment,2019-04-04 08:28:37.141000-04:00,2019-04-04 08:34:06.763000-04:00,1,329.622,,,False,0.0,False,0,0,0,1,1,False,False,False,294524
PSAJVP8,4090,PRAVMYN,1,854245.0,Treatment,2019-04-04 08:33:34.509000-04:00,2019-04-04 08:34:06.703000-04:00,1,32.254,32.192,0.0594,True,1.0,True,1,1,0,0,0,False,False,False,294533
PSAJVP8,4097,PRAV3ZU,1,,Nonexperimental,2019-03-24 19:28:16.304000-04:00,2019-03-24 19:28:40.270000-04:00,1,23.966,23.961,Worcester polytechnic institute 0%,False,0.666666666666667,True,1,0,0,0,0,False,False,False,253390
PSAJVP8,4097,PRAV32Q,1,,Control,2019-03-24 19:28:42.801000-04:00,2019-03-24 19:28:54.346000-04:00,1,11.545,11.542,0.0594,True,1.0,True,1,0,0,1,0,False,False,False,253391
PSAJVP8,4097,PRAV32S,1,,Control,2019-03-24 19:28:57.533000-04:00,2019-03-24 19:29:07.702000-04:00,1,10.169,10.165,-0.1274,True,1.0,True,1,0,0,1,0,False,False,False,253392
PSAJVP8,4097,PRAV32V,1,,Control,2019-03-24 19:29:12.439000-04:00,2019-03-24 19:29:19.758000-04:00,1,7.319,7.313,2.4416,True,1.0,True,1,0,0,1,0,False,False,False,253393
PSAJVP8,4098,PRAV3ZU,1,,Nonexperimental,2019-03-21 10:32:36.285000-04:00,2019-03-21 10:51:23.208000-04:00,2,1126.923,38.074,worcester polytechnic institute,False,0.0,True,1,0,0,0,0,False,False,True,242477
PSAJVP8,4098,PRAVMYN,1,,Treatment,2019-03-21 10:51:25.224000-04:00,2019-03-21 10:53:23.164000-04:00,1,117.94,117.894,0.0594,True,1.0,True,1,0,0,1,0,False,False,False,242598
PSAJVP8,4098,PRAVMYQ,1,,Treatment,2019-03-21 10:53:25.850000-04:00,2019-03-21 10:54:56.586000-04:00,1,90.736,90.728,-0.1274,True,1.0,True,1,0,0,1,0,False,False,False,242610
PSAJVP8,4098,PRAV492,1,,Treatment,2019-03-21 10:55:02.458000-04:00,2019-03-21 10:56:24.936000-04:00,1,82.478,82.456,2.4416,True,1.0,True,1,0,0,1,0,False,False,False,242624
PSAJVP8,4104,PRAV3ZU,1,,Nonexperimental,2019-04-08 09:06:39.008000-04:00,2019-04-08 09:07:21.215000-04:00,1,42.207,42.194,Worcester,False,0.666666666666667,True,1,0,0,0,0,False,False,False,310178
PSAJVP8,4104,PRAV32Q,1,,Control,2019-04-08 09:07:25.161000-04:00,2019-04-08 09:09:56.558000-04:00,1,151.397,128.513,1,False,0.0,True,1,0,0,1,1,False,False,False,310187
PSAJVP8,4104,PRAV32Q,1,852599.0,Control,2019-04-08 09:09:33.888000-04:00,2019-04-08 09:09:56.403000-04:00,1,22.67,11.37,0.0594,False,0.0,True,1,0,0,0,0,False,False,True,310225
PSAJVP8,4104,PRAV32S,1,,Control,2019-04-08 09:10:15.533000-04:00,2019-04-08 09:11:35.981000-04:00,1,80.448,58.282,2.1,False,0.0,True,1,0,0,1,1,False,False,False,310232
PSAJVP8,4104,PRAV32S,1,852603.0,Control,2019-04-08 09:11:14.055000-04:00,2019-04-08 09:11:35.826000-04:00,1,21.926,4.731,-0.1274,False,0.0,True,1,0,0,0,0,False,False,True,310242
PSAJVP8,4104,PRAV32V,1,,Control,2019-04-08 09:11:47.619000-04:00,2019-04-08 09:12:55.601000-04:00,1,67.982,33.691,0.23,False,0.0,True,1,0,0,1,1,False,False,False,310244
PSAJVP8,4104,PRAV32V,1,852609.0,Control,2019-04-08 09:12:21.620000-04:00,2019-04-08 09:12:55.433000-04:00,1,33.981,5.414,2.44166666666667,False,0.0,True,1,0,0,0,0,False,False,True,310253
PSAJVP8,4104,PRAV32T,1,,Control,2019-04-08 09:13:04.621000-04:00,2019-04-08 09:35:54.263000-04:00,1,1369.642,1353.321,10,False,0.0,True,1,0,0,1,1,False,False,False,310254
PSAJVP8,4104,PRAV32T,1,852605.0,Control,2019-04-08 09:35:38.498000-04:00,2019-04-08 09:35:54.093000-04:00,1,15.765,5.581,0.1505,False,0.0,True,1,0,0,0,0,False,False,True,310514
PSAJVP8,4104,PRAV32U,1,,Control,2019-04-08 09:36:36.819000-04:00,2019-04-08 09:37:12.591000-04:00,1,35.772,8.53,0.21,False,0.0,True,1,0,0,1,1,False,False,False,310527
PSAJVP8,4104,PRAV32U,1,852607.0,Control,2019-04-08 09:36:45.722000-04:00,2019-04-08 09:37:12.408000-04:00,1,26.869,8.656,3.9844,False,0.0,True,1,0,0,0,0,False,False,True,310534
PSAJVP8,4104,PRAV32R,1,,Control,2019-04-08 09:37:19.684000-04:00,2019-04-08 09:49:42.472000-04:00,1,742.788,567.15,3.458,False,0.0,True,1,0,0,1,1,False,False,False,310541
PSAJVP8,4104,PRAV32R,1,852601.0,Control,2019-04-08 09:46:47.347000-04:00,2019-04-08 09:49:42.252000-04:00,1,175.125,157.609,0.231,False,0.0,True,1,0,0,0,0,False,False,True,310633
PSAJVP8,4104,PRAVMDQ,1,,Control,2019-04-08 09:49:53.384000-04:00,,1,25.373,20.207,65392,False,0.333333333333333,True,1,1,0,0,0,False,False,False,310666
PSAJVP8,4107,PRAV3ZU,1,,Nonexperimental,2019-03-29 10:12:42.579000-04:00,2019-03-29 10:13:02.117000-04:00,1,19.538,19.526,Worcester Polytechnic Institute,False,0.666666666666667,True,1,0,0,0,0,False,False,False,277007
PSAJVP8,4107,PRAVMYN,1,,Treatment,2019-03-29 10:13:05.222000-04:00,2019-03-29 10:14:07.117000-04:00,1,61.895,61.884,.05944,True,1.0,True,1,0,0,1,0,False,False,False,277011
PSAJVP8,4107,PRAVMYQ,1,,Treatment,2019-03-29 10:14:09.864000-04:00,2019-03-29 10:14:42.059000-04:00,1,32.195,32.189,-.12744,True,1.0,True,1,0,0,1,0,False,False,False,277014
PSAJVP8,4107,PRAV492,1,,Treatment,2019-03-29 10:14:42.756000-04:00,2019-03-29 10:15:18.950000-04:00,1,36.194,36.189,2.4416,True,1.0,True,1,0,0,1,0,False,False,False,277015
PSAJVP8,4150,PRAV3ZU,1,,Nonexperimental,2019-04-02 14:19:56.394000-04:00,2019-04-02 14:20:30.439000-04:00,1,34.045,34.037,Yes,False,0.666666666666667,True,1,0,0,0,0,False,False,False,288340
PSAJVP8,4150,PRAVMYN,1,,Treatment,2019-04-02 14:20:35.755000-04:00,,1,,,,,,,0,0,0,1,0,False,False,False,288351
PSAJVP8,4169,PRAV3ZU,1,,Nonexperimental,2019-03-19 19:38:54.908000-04:00,2019-03-19 19:39:06.914000-04:00,1,12.006,11.995,WPI,True,1.0,True,1,0,0,0,0,False,False,False,236723
PSAJVP8,4169,PRAVMYN,1,,Treatment,2019-03-19 19:39:09.446000-04:00,2019-03-19 19:42:27.361000-04:00,1,197.915,197.907,.05945,True,1.0,True,1,0,0,1,0,False,False,False,236724
PSAJVP8,4169,PRAVMYQ,1,,Treatment,2019-03-19 19:42:32.053000-04:00,2019-03-19 19:43:26.711000-04:00,1,54.658,54.652,-0.1274,True,1.0,True,1,0,0,1,0,False,False,False,236726
PSAJVP8,4236,PRAV3ZU,1,,Nonexperimental,2019-04-02 13:23:43.134000-04:00,2019-04-02 13:23:57.369000-04:00,1,14.235,7.804,WPI,False,0.0,True,1,0,0,0,0,False,False,True,287682
PSAJVP8,4236,PRAVMYN,1,,Treatment,2019-04-02 13:23:58.897000-04:00,2019-04-02 13:24:29.475000-04:00,1,30.578,,,False,0.0,False,0,0,0,1,1,False,False,False,287688
PSAJVP8,4236,PRAVMYN,1,854245.0,Treatment,2019-04-02 13:24:18.614000-04:00,2019-04-02 13:24:29.393000-04:00,1,10.861,10.772,1865,True,1.0,True,1,1,0,0,0,False,False,False,287701
PSAJVP8,4388,PRAV3ZU,1,,Nonexperimental,2019-03-20 18:00:23.111000-04:00,2019-03-20 18:00:29.478000-04:00,1,6.367,6.352,WPI,True,1.0,True,1,0,0,0,0,False,False,False,240810
PSAJVP8,4388,PRAVMYN,1,,Treatment,2019-03-20 18:00:38.889000-04:00,2019-03-20 18:02:20.254000-04:00,1,101.365,,,False,0.0,False,0,0,0,1,1,False,False,False,240811
PSAJVP8,4388,PRAVMYN,1,854245.0,Treatment,2019-03-20 18:00:49.105000-04:00,2019-03-20 18:02:20.108000-04:00,1,91.149,90.993,0.0594,True,1.0,True,1,1,0,0,0,False,False,False,240812
PSAJVP8,4388,PRAVMYQ,1,,Treatment,2019-03-20 18:02:25.112000-04:00,2019-03-20 18:03:30.346000-04:00,1,65.234,,,False,0.0,False,0,0,0,1,1,False,False,False,240814
PSAJVP8,4388,PRAVMYQ,1,854247.0,Treatment,2019-03-20 18:02:37.618000-04:00,2019-03-20 18:03:30.084000-04:00,1,52.728,52.459,-0.1274,True,1.0,True,1,1,0,0,0,False,False,False,240815
PSAJVP8,4388,PRAV492,1,,Treatment,2019-03-20 18:03:35.748000-04:00,2019-03-20 18:08:17.991000-04:00,1,282.243,217.409,9.15,False,0.0,True,4,0,0,1,1,False,False,False,240817
PSAJVP8,4388,PRAV492,1,854262.0,Treatment,2019-03-20 18:07:14.575000-04:00,2019-03-20 18:08:17.673000-04:00,1,21.342,,,True,1.0,,0,1,0,0,0,False,False,False,240818
PSAJVP8,4388,PRAVMYW,1,,Treatment,2019-03-20 18:08:20.655000-04:00,2019-03-20 18:11:10.250000-04:00,2,169.595,,,False,0.0,False,0,0,0,1,1,False,False,False,240819
PSAJVP8,4388,PRAVMYW,1,854248.0,Treatment,2019-03-20 18:10:25.063000-04:00,2019-03-20 18:11:09.824000-04:00,1,45.187,44.708,0.1505,True,1.0,True,1,1,0,0,0,False,False,False,240823
PSAJVP8,4388,PRAV49Z,1,,Treatment,2019-03-21 19:41:30.298000-04:00,2019-03-21 19:42:43.314000-04:00,2,73.016,,,False,0.0,False,0,0,0,1,1,False,False,False,247071
PSAJVP8,4388,PRAV49Z,1,854255.0,Treatment,2019-03-21 19:41:44.518000-04:00,2019-03-21 19:42:43.083000-04:00,1,58.796,58.544,3.9844,True,1.0,True,1,1,0,0,0,False,False,False,247072
PSAJVP8,4388,PRAVMYP,1,,Treatment,2019-03-21 19:42:49.469000-04:00,2019-03-21 19:44:13.045000-04:00,1,83.576,45.479,-1.067,False,0.0,True,2,0,0,1,1,False,False,False,247076
PSAJVP8,4388,PRAVMYP,1,854246.0,Treatment,2019-03-21 19:43:35.956000-04:00,2019-03-21 19:44:12.844000-04:00,1,37.024,,,True,1.0,,0,1,0,0,0,False,False,False,247078
PSAJVP8,4388,PRAVMDQ,1,,Treatment,2019-03-21 19:44:18.761000-04:00,2019-03-21 19:46:52.613000-04:00,1,153.852,89.585,-0.8920,False,0.333333333333333,True,3,1,0,0,0,False,False,False,247080
PSAJVP8,4388,PRAVME6,1,,Treatment,2019-03-21 19:46:56.022000-04:00,2019-03-21 19:54:10.731000-04:00,1,434.709,70.056,2.0411,False,0.0,True,5,1,1,0,0,False,False,True,247091
PSAJVP8,4388,PRAVMC3,1,,Treatment,2019-03-21 19:54:12.721000-04:00,2019-03-21 19:55:48.715000-04:00,1,95.994,79.875,0.060,False,0.333333333333333,True,3,1,0,0,0,False,False,False,247098
PSAJVP8,4388,PRAVME5,1,,Treatment,2019-03-21 19:55:50.849000-04:00,2019-03-21 20:06:52.165000-04:00,1,661.316,239.463,3.03694588,False,0.666666666666667,True,2,1,0,0,0,False,False,False,247103
PSAJVP8,4388,PRAVMC2,1,,Treatment,2019-03-21 20:06:54.384000-04:00,2019-03-21 20:09:19.911000-04:00,1,145.527,145.485,-0.01191377,True,1.0,True,1,1,0,0,0,False,False,False,247132
PSAJVP8,4388,PRAVME7,1,,Treatment,2019-03-21 20:09:22.534000-04:00,2019-03-21 20:15:59.640000-04:00,1,397.106,397.047,1.969141477821278,True,1.0,True,1,1,0,0,0,False,False,False,247149
PSAJVP8,4388,PRAVMDR,1,,Treatment,2019-03-21 20:16:02.027000-04:00,2019-03-21 20:28:08.655000-04:00,2,726.628,619.779,0.428666248215634,False,0.666666666666667,True,2,1,0,0,0,False,False,False,247167
PSAJVP8,4388,PRAVMC4,1,,Treatment,2019-03-21 20:28:10.811000-04:00,2019-03-21 20:29:54.215000-04:00,1,103.404,103.345,-0.160463471543099,True,1.0,True,1,1,0,0,0,False,False,False,247168
PSAJVP8,4388,PRAVME8,1,,Treatment,2019-03-21 20:29:56.464000-04:00,2019-03-21 20:35:04.589000-04:00,2,308.125,308.048,1.070828346172712,True,1.0,True,1,1,0,0,0,False,False,False,247170
PSAJVP8,4388,PRAVMDS,1,,Treatment,2019-03-21 20:35:07.187000-04:00,2019-03-21 20:37:20.280000-04:00,1,133.093,133.043,0.064443858946784,True,1.0,True,1,1,0,0,0,False,False,False,247177
PSAJVP8,4768,PRAV3ZU,1,,Nonexperimental,2019-03-21 11:35:27.791000-04:00,2019-03-21 11:36:57.654000-04:00,1,89.863,89.813,WPI,True,1.0,True,1,0,0,0,0,False,False,False,242928
PSAJVP8,4768,PRAV32Q,1,,Control,2019-03-21 11:37:02.279000-04:00,2019-03-21 11:41:56.509000-04:00,1,294.23,294.187,0.0594,True,1.0,True,1,0,0,1,0,False,False,False,242930
PSAJVP8,4768,PRAV32S,1,,Control,2019-03-21 11:41:58.148000-04:00,2019-03-21 11:42:09.394000-04:00,1,11.246,11.24,-0.1274,True,1.0,True,1,0,0,1,0,False,False,False,242974
PSAJVP8,4808,PRAV3ZU,1,,Nonexperimental,2019-03-20 13:46:04.716000-04:00,2019-03-20 13:48:10.805000-04:00,1,126.089,88.477,PRAV3ZU,False,0.0,True,1,0,0,0,0,False,False,True,239917
PSAJVP8,4808,PRAV32Q,1,,Control,2019-03-20 13:48:14.573000-04:00,2019-03-20 13:49:07.216000-04:00,1,52.643,52.592,0.0594,False,0.0,False,1,0,0,1,1,False,False,False,239927
PSAJVP8,4808,PRAV32Q,1,852599.0,Control,2019-03-20 13:48:32.202000-04:00,2019-03-20 13:49:07.182000-04:00,1,34.997,,,True,1.0,,0,0,0,0,0,False,False,False,239930
PSAJVP8,4808,PRAV32S,1,,Control,2019-03-20 13:49:11.331000-04:00,2019-03-20 13:51:45.832000-04:00,1,154.501,154.441,-0.1274,False,0.0,False,1,0,0,1,1,False,False,False,239933
PSAJVP8,4808,PRAV32S,1,852603.0,Control,2019-03-20 13:49:50.789000-04:00,2019-03-20 13:51:45.797000-04:00,1,115.018,,,True,1.0,,0,0,0,0,0,False,False,False,239940
PSAJVP8,4808,PRAV32V,1,,Control,2019-03-20 13:51:47.845000-04:00,2019-03-20 13:55:15.775000-04:00,1,207.93,,,False,0.0,False,0,0,0,1,1,False,False,False,239953
PSAJVP8,4808,PRAV32V,1,852609.0,Control,2019-03-20 13:54:55.357000-04:00,2019-03-20 13:55:15.712000-04:00,1,20.418,20.351,2.4417,True,1.0,True,1,0,0,0,0,False,False,False,239964
PSAJVP8,4808,PRAV32T,1,,Control,2019-03-20 13:55:39.628000-04:00,2019-03-20 13:59:10.506000-04:00,1,210.878,185.68,0.151,False,0.0,True,1,0,0,1,1,False,False,False,239969
PSAJVP8,4808,PRAV32T,1,852605.0,Control,2019-03-20 13:58:45.520000-04:00,2019-03-20 13:59:10.435000-04:00,1,24.986,24.91,0.1505,True,1.0,True,1,0,0,0,0,False,False,False,240021
PSAJVP8,4808,PRAV32U,1,,Control,2019-03-20 13:59:14.053000-04:00,2019-03-20 14:00:38.694000-04:00,1,84.641,84.632,3.9844,True,1.0,True,1,0,0,1,0,False,False,False,240027
PSAJVP8,4808,PRAV32R,1,,Control,2019-03-20 14:00:42.100000-04:00,2019-03-20 14:04:06.472000-04:00,1,204.372,204.358,0.2310,True,1.0,True,1,0,0,1,0,False,False,False,240067
PSAJVP8,4808,PRAVMDQ,1,,Control,2019-03-20 14:04:08.859000-04:00,2019-03-20 14:05:48.836000-04:00,1,99.977,99.973,-0.5440,True,1.0,True,1,1,0,0,0,False,False,False,240171
PSAJVP8,4832,PRAV3ZU,1,,Nonexperimental,2019-03-21 08:59:00.447000-04:00,2019-03-21 08:59:47.381000-04:00,1,46.934,46.929,WPI,True,1.0,True,1,0,0,0,0,False,False,False,241850
PSAJVP8,4832,PRAVMYN,1,,Treatment,2019-03-21 08:59:49.901000-04:00,,1,,,,,,,0,0,0,1,0,False,False,False,241851
PSAJVP8,4866,PRAV3ZU,1,,Nonexperimental,2019-03-21 10:50:40.609000-04:00,2019-03-21 10:51:55.188000-04:00,1,74.579,74.544,Worcester polytechnic institute,False,0.666666666666667,True,1,0,0,0,0,False,False,False,242589
PSAJVP8,4866,PRAVMYN,1,,Treatment,2019-03-21 10:51:56.671000-04:00,2019-03-21 10:53:42.599000-04:00,1,105.928,,,False,0.0,False,0,0,0,1,1,False,False,False,242602
PSAJVP8,4866,PRAVMYN,1,854245.0,Treatment,2019-03-21 10:52:08.377000-04:00,2019-03-21 10:53:42.238000-04:00,1,94.222,93.828,0.0594,True,1.0,True,1,1,0,0,0,False,False,False,242604
PSAJVP8,4866,PRAVMYQ,1,,Treatment,2019-03-21 10:54:01.920000-04:00,2019-03-21 10:55:09.127000-04:00,1,67.207,,,False,0.0,False,0,0,0,1,1,False,False,False,242619
PSAJVP8,4866,PRAVMYQ,1,854247.0,Treatment,2019-03-21 10:54:04.823000-04:00,2019-03-21 10:55:08.921000-04:00,1,64.304,64.088,-0.1274,True,1.0,True,1,1,0,0,0,False,False,False,242620
PSAJVP8,4866,PRAV492,1,,Treatment,2019-03-21 10:55:34.928000-04:00,2019-03-21 10:56:32.265000-04:00,1,57.337,,,False,0.0,False,0,0,0,1,1,False,False,False,242628
PSAJVP8,4866,PRAV492,1,854262.0,Treatment,2019-03-21 10:55:36.827000-04:00,2019-03-21 10:56:32.104000-04:00,1,55.438,55.273,2.4416,True,1.0,True,1,1,0,0,0,False,False,False,242629
PSAJVP8,4866,PRAVMYW,1,,Treatment,2019-03-21 10:56:37.744000-04:00,,1,77.217,75.983,2.4416,False,0.666666666666667,True,1,0,0,1,1,False,False,False,242634
PSAJVP8,4866,PRAVMYW,1,854248.0,Treatment,2019-03-21 10:57:54.961000-04:00,,1,,,,,,,0,1,0,0,0,False,False,False,242640
PSAJVP8,5473,PRAV3ZU,1,,Nonexperimental,2019-03-29 09:43:43.801000-04:00,2019-03-29 09:44:12.716000-04:00,1,28.915,28.908,Worcester polytechnic institute,False,0.666666666666667,True,1,0,0,0,0,False,False,False,276707
PSAJVP8,5473,PRAVMYN,1,,Treatment,2019-03-29 09:44:13.939000-04:00,2019-03-29 09:45:36.388000-04:00,1,82.449,82.446,.0594,True,1.0,True,1,0,0,1,0,False,False,False,276715
PSAJVP8,5473,PRAVMYQ,1,,Treatment,2019-03-29 09:45:37.510000-04:00,2019-03-29 09:46:04.034000-04:00,1,26.524,26.518,-.1274,True,1.0,True,1,0,0,1,0,False,False,False,276732
PSAJVP8,5473,PRAV492,1,,Treatment,2019-03-29 09:46:05.163000-04:00,2019-03-29 09:46:45.111000-04:00,1,39.948,39.942,2.4416,True,1.0,True,1,0,0,1,0,False,False,False,276739
PSAJVP8,5760,PRAV3ZU,1,,Nonexperimental,2019-04-02 13:57:20.238000-04:00,2019-04-02 14:18:10.966000-04:00,2,1250.728,1250.718,WPI,True,1.0,True,1,0,0,0,0,False,False,False,288120
PSAJVP8,5760,PRAVMYN,1,,Treatment,2019-04-02 14:18:13.439000-04:00,,1,23.542,,,,,False,0,0,0,1,1,False,False,False,288323
PSAJVP8,5760,PRAVMYN,1,854245.0,Treatment,2019-04-02 14:18:36.981000-04:00,,1,,,,,,,0,1,0,0,0,False,False,False,288327
PSAJVP8,91689,PRAV3ZU,1,,Nonexperimental,2020-02-17 19:28:06.154000-05:00,,1,,,,,,,0,0,0,0,0,False,False,False,7310750
PSAJVP8,91692,PRAV3ZU,1,,Nonexperimental,2020-02-27 19:56:44.035000-05:00,2020-02-27 19:57:26.437000-05:00,1,42.402,42.398,WPI,True,1.0,True,1,0,0,0,0,False,False,False,7800879
PSAJVP8,91692,PRAV32Q,1,,Control,2020-02-27 19:57:28.569000-05:00,2020-02-27 20:00:07.617000-05:00,1,159.048,159.047,.0594,True,1.0,True,1,0,0,1,0,False,False,False,7800892
PSAJVP8,91692,PRAV32S,1,,Control,2020-02-27 20:00:08.888000-05:00,2020-02-27 20:01:19.744000-05:00,1,70.856,59.169,.1274,False,0.0,True,1,0,0,1,1,False,False,False,7800981
PSAJVP8,91692,PRAV32S,1,852603.0,Control,2020-02-27 20:01:08.175000-05:00,2020-02-27 20:01:19.692000-05:00,1,11.569,11.516,-.1274,True,1.0,True,1,0,0,0,0,False,False,False,7801009
PSAJVP8,91692,PRAV32V,1,,Control,2020-02-27 20:01:26.643000-05:00,2020-02-27 20:01:59.311000-05:00,1,32.668,32.667,2.4416,True,1.0,True,1,0,0,1,0,False,False,False,7801018
PSAJVP8,91692,PRAV32T,1,,Control,2020-02-27 20:02:00.115000-05:00,2020-02-27 20:02:14.276000-05:00,1,14.161,14.16,.1505,True,1.0,True,1,0,0,1,0,False,False,False,7801037
PSAJVP8,91692,PRAV32U,1,,Control,2020-02-27 20:02:14.838000-05:00,2020-02-27 20:02:35.859000-05:00,1,21.021,21.018,3.9844,True,1.0,True,1,0,0,1,0,False,False,False,7801046
PSAJVP8,91693,PRAV3ZU,1,,Nonexperimental,2020-02-14 13:38:11.931000-05:00,2020-02-14 13:38:42.081000-05:00,1,30.15,30.145,WPI,True,1.0,True,1,0,0,0,0,False,False,False,7280191
PSAJVP8,91693,PRAV32Q,1,,Control,2020-02-14 13:38:43.332000-05:00,2020-02-14 13:41:53.366000-05:00,1,190.034,190.03,.0594,True,1.0,True,1,0,0,1,0,False,False,False,7280235
PSAJVP8,91693,PRAV32S,1,,Control,2020-02-14 13:41:55.188000-05:00,2020-02-14 13:42:37.842000-05:00,1,42.654,42.651,-.1274,True,1.0,True,1,0,0,1,0,False,False,False,7280426
PSAJVP8,91695,PRAV3ZU,1,,Nonexperimental,2020-02-18 13:03:20.956000-05:00,2020-02-18 13:04:15.670000-05:00,1,54.714,54.699,WPI,True,1.0,True,1,0,0,0,0,False,False,False,7339896
PSAJVP8,91695,PRAV32Q,1,,Control,2020-02-18 13:04:19.621000-05:00,2020-02-18 13:30:23.735000-05:00,2,1564.114,1564.103,0.0594,True,1.0,True,1,0,0,1,0,False,False,False,7339946
PSAJVP8,91695,PRAV32S,1,,Control,2020-02-18 13:30:25.454000-05:00,2020-02-18 13:30:52.652000-05:00,1,27.198,27.192,-0.1274,True,1.0,True,1,0,0,1,0,False,False,False,7343107
PSAJVP8,91701,PRAV3ZU,1,,Nonexperimental,2020-02-17 13:14:50.504000-05:00,2020-02-17 13:16:18.949000-05:00,1,88.445,88.364,WPI,True,1.0,True,1,0,0,0,0,False,False,False,7302588
PSAJVP8,91701,PRAVMYN,1,,Treatment,2020-02-17 13:16:21.190000-05:00,2020-02-17 13:17:34.259000-05:00,1,73.069,73.007,.0594,True,1.0,True,1,0,0,1,0,False,False,False,7302624
PSAJVP8,91701,PRAVMYQ,1,,Treatment,2020-02-17 13:17:35.825000-05:00,2020-02-17 13:18:31.546000-05:00,1,55.721,55.705,-.1274,True,1.0,True,1,0,0,1,0,False,False,False,7302659
PSAJVP8,91704,PRAV3ZU,1,,Nonexperimental,2020-02-14 13:32:51.163000-05:00,2020-02-14 13:34:25.277000-05:00,1,94.114,94.106,WPI,True,1.0,True,1,0,0,0,0,False,False,False,7279828
PSAJVP8,91704,PRAVMYN,1,,Treatment,2020-02-14 13:34:27.903000-05:00,2020-02-14 13:38:26.453000-05:00,1,238.55,238.545,.0594,True,1.0,True,1,0,0,1,0,False,False,False,7279943
PSAJVP8,91704,PRAVMYQ,1,,Treatment,2020-02-14 13:38:27.844000-05:00,2020-02-14 13:39:46.658000-05:00,1,78.814,70.332,.1274,False,0.0,True,2,0,0,1,1,False,False,False,7280209
PSAJVP8,91704,PRAVMYQ,1,854247.0,Treatment,2020-02-14 13:39:38.489000-05:00,2020-02-14 13:39:46.560000-05:00,1,8.13,,,True,1.0,,0,1,0,0,0,False,False,False,7280293
PSAJVP8,91704,PRAV492,1,,Treatment,2020-02-14 13:39:47.831000-05:00,2020-02-14 13:41:32.282000-05:00,1,104.451,104.448,2.4416,True,1.0,True,1,0,0,1,0,False,False,False,7280306
PSAJVP8,91704,PRAVMYW,1,,Treatment,2020-02-14 13:41:33.657000-05:00,2020-02-14 13:41:46.997000-05:00,1,13.34,13.337,.1505,True,1.0,True,1,0,0,1,0,False,False,False,7280406
PSAJVP8,91704,PRAV49Z,1,,Treatment,2020-02-14 13:41:47.966000-05:00,2020-02-14 13:42:31.732000-05:00,1,43.766,43.762,3.9844,True,1.0,True,1,0,0,1,0,False,False,False,7280419
PSAJVP8,91705,PRAV3ZU,1,,Nonexperimental,2020-02-14 13:34:51.063000-05:00,2020-02-14 13:36:15.529000-05:00,1,84.466,84.458,WPI,True,1.0,True,1,0,0,0,0,False,False,False,7279963
PSAJVP8,91705,PRAV32Q,1,,Control,2020-02-14 13:36:17.445000-05:00,2020-02-14 13:39:26.581000-05:00,1,189.136,189.13,.0594,True,1.0,True,1,0,0,1,0,False,False,False,7280068
PSAJVP8,91705,PRAV32S,1,,Control,2020-02-14 13:39:27.841000-05:00,2020-02-14 13:40:01.584000-05:00,1,33.743,33.74,-.1274,True,1.0,True,1,0,0,1,0,False,False,False,7280278
PSAJVP8,91707,PRAV3ZU,1,,Nonexperimental,2020-02-14 13:33:56.034000-05:00,2020-02-14 13:34:38.607000-05:00,1,42.573,42.567,WPI,True,1.0,True,1,0,0,0,0,False,False,False,7279903
PSAJVP8,91707,PRAV32Q,1,,Control,2020-02-14 13:34:51.670000-05:00,2020-02-14 13:39:27.301000-05:00,1,275.631,275.627,.0594,True,1.0,True,1,0,0,1,0,False,False,False,7279964
PSAJVP8,91707,PRAV32S,1,,Control,2020-02-14 13:39:29.099000-05:00,2020-02-14 13:40:02.727000-05:00,1,33.628,33.624,-.1274,True,1.0,True,1,0,0,1,0,False,False,False,7280280
PSAJVP8,91708,PRAV3ZU,1,,Nonexperimental,2020-02-16 22:10:58.240000-05:00,2020-02-16 22:26:07.982000-05:00,2,909.742,909.734,WPI,True,1.0,True,1,0,0,0,0,False,False,False,7291442
PSAJVP8,91708,PRAV32Q,1,,Control,2020-02-16 22:26:09.350000-05:00,2020-02-16 22:27:43.107000-05:00,1,93.757,93.753,.0594,True,1.0,True,1,0,0,1,0,False,False,False,7291480
PSAJVP8,91708,PRAV32S,1,,Control,2020-02-16 22:27:44.498000-05:00,2020-02-16 22:28:37.440000-05:00,1,52.942,52.939,-.1274,True,1.0,True,1,0,0,1,0,False,False,False,7291482
PSAJVP8,91713,PRAV3ZU,1,,Nonexperimental,2020-02-14 13:33:21.644000-05:00,2020-02-14 13:33:56.180000-05:00,1,34.536,34.53,WPI,True,1.0,True,1,0,0,0,0,False,False,False,7279866
PSAJVP8,91713,PRAVMYN,1,,Treatment,2020-02-14 13:33:57.518000-05:00,2020-02-14 13:39:29.514000-05:00,1,331.996,331.991,.0594,True,1.0,True,1,0,0,1,0,False,False,False,7279907
PSAJVP8,91713,PRAVMYQ,1,,Treatment,2020-02-14 13:39:30.959000-05:00,2020-02-14 13:40:08.169000-05:00,1,37.21,37.206,-.1274,True,1.0,True,1,0,0,1,0,False,False,False,7280283
PSAJVP8,91715,PRAV3ZU,1,,Nonexperimental,2020-02-14 13:34:48.404000-05:00,2020-02-14 13:35:43.580000-05:00,1,55.176,55.17,WPI,True,1.0,True,1,0,0,0,0,False,False,False,7279960
PSAJVP8,91715,PRAVMYN,1,,Treatment,2020-02-14 13:35:46.670000-05:00,2020-02-14 13:38:02.725000-05:00,1,136.055,68.391,.5945,False,0.0,True,2,0,0,1,1,False,False,False,7280033
PSAJVP8,91715,PRAVMYN,1,854245.0,Treatment,2020-02-14 13:36:55.356000-05:00,2020-02-14 13:38:02.635000-05:00,1,67.329,,,True,1.0,,0,1,0,0,0,False,False,False,7280110
PSAJVP8,91715,PRAVMYQ,1,,Treatment,2020-02-14 13:38:04.214000-05:00,2020-02-14 13:38:30.227000-05:00,1,26.013,26.01,-.1274,True,1.0,True,1,0,0,1,0,False,False,False,7280182
PSAJVP8,91715,PRAV492,1,,Treatment,2020-02-14 13:38:31.823000-05:00,2020-02-14 13:40:09.314000-05:00,1,97.491,97.488,2.4416,True,1.0,True,1,0,0,1,0,False,False,False,7280214
PSAJVP8,91715,PRAVMYW,1,,Treatment,2020-02-14 13:40:10.454000-05:00,2020-02-14 13:40:59.139000-05:00,1,48.685,48.682,.1505,True,1.0,True,1,0,0,1,0,False,False,False,7280326
PSAJVP8,91722,PRAV3ZU,1,,Nonexperimental,2020-02-14 13:35:14.348000-05:00,2020-02-14 13:38:27.962000-05:00,1,193.614,193.606,wpi,False,0.0,True,1,0,0,0,0,False,False,False,7279991
PSAJVP8,91722,PRAVMYN,1,,Treatment,2020-02-14 13:38:29.750000-05:00,2020-02-14 13:42:08.069000-05:00,1,218.319,218.315,.0594,True,1.0,True,1,0,0,1,0,False,False,False,7280212
PSAJVP8,91722,PRAVMYQ,1,,Treatment,2020-02-14 13:42:09.250000-05:00,2020-02-14 13:43:05.201000-05:00,1,55.951,55.948,-.1274,True,1.0,True,1,0,0,1,0,False,False,False,7280436
PSAJVP8,91722,PRAV492,1,,Treatment,2020-02-14 13:43:06.445000-05:00,2020-02-14 13:44:31.453000-05:00,1,85.008,85.004,2.4416,True,1.0,True,1,0,0,1,0,False,False,False,7280500
PSAJVP8,91773,PRAV3ZU,1,,Nonexperimental,2020-02-14 13:36:53.550000-05:00,2020-02-14 13:37:56.812000-05:00,1,63.262,63.256,WPI,True,1.0,True,1,0,0,0,0,False,False,False,7280108
PSAJVP8,91773,PRAVMYN,1,,Treatment,2020-02-14 13:37:58.555000-05:00,2020-02-14 13:38:47.219000-05:00,1,48.664,48.66,0.0594,True,1.0,True,1,0,0,1,0,False,False,False,7280179
PSAJVP8,91773,PRAVMYQ,1,,Treatment,2020-02-14 13:38:48.492000-05:00,2020-02-14 13:39:46.250000-05:00,1,57.758,57.755,-0.1274,True,1.0,True,1,0,0,1,0,False,False,False,7280240
