experiment_id,student_id,release_date,due_date,start_time,end_time,assignment_session_count,pretest_problem_count,pretest_correct,pretest_time_on_task,pretest_average_first_response_time,pretest_session_count,assigned_condition,condition_time_on_task,condition_average_first_response_or_request_time,condition_problem_count,condition_total_correct,condition_total_correct_after_wrong_response,condition_total_correct_after_tutoring,condition_total_answers_before_tutoring,condition_total_attempt_count,condition_total_hints_available,condition_total_hints_given,condition_total_scaffold_problems_available,condition_total_scaffold_problems_given,condition_total_explanations_available,condition_total_explanations_given,condition_total_answers_given,condition_session_count,posttest_problem_count,posttest_correct,posttest_time_on_task,posttest_average_first_response_time,posttest_session_count,assistments_reference_assignment_log_id
PSAJ4YN,3851,2019-03-18 07:45:00-04:00,2019-03-19 08:02:00-04:00,2019-03-18 15:41:07.491000-04:00,2019-03-18 19:04:24.326000-04:00,3,,,,,,Treatment,3115.712,1557.847,2.0,2.0,,,2.0,2.0,0.0,0.0,2.0,0.0,0.0,0.0,0.0,1.0,,,,,,35280
PSAJ4YN,3902,2019-03-18 07:45:00-04:00,2019-03-19 08:02:00-04:00,2019-03-18 15:31:14.607000-04:00,,3,,,,,,Treatment,606782.278,202252.683,4.0,0.0,0.0,0.0,3.0,3.0,0.0,0.0,4.0,3.0,0.0,0.0,0.0,3.0,,,,,,35278
PSAJ4YN,3908,2019-03-18 07:45:00-04:00,2019-03-19 08:02:00-04:00,2019-03-18 21:44:48.313000-04:00,2019-03-21 22:38:10.166000-04:00,2,,,,,,Control,262532.1,37478.6165714286,5.0,5.0,2.0,2.0,7.0,7.0,0.0,0.0,5.0,2.0,0.0,0.0,0.0,2.0,,,,,,35341
PSAJ4YN,3909,2019-03-18 07:45:00-04:00,2019-03-19 08:02:00-04:00,2019-03-30 17:20:25.367000-04:00,2019-03-30 17:22:47.607000-04:00,1,,,,,,Control,104.429,52.1925,2.0,2.0,,,2.0,2.0,0.0,0.0,2.0,0.0,0.0,0.0,0.0,1.0,,,,,,42483
PSAJ4YN,3910,2019-03-18 07:45:00-04:00,2019-03-19 08:02:00-04:00,2019-03-19 08:06:11.135000-04:00,,3,,,,,,Control,46484.109,1919.33625,24.0,6.0,6.0,6.0,3.0,26.0,18.0,0.0,6.0,6.0,0.0,0.0,17.0,3.0,,,,,,35375
PSAJ4YN,3912,2019-03-18 07:45:00-04:00,2019-03-19 08:02:00-04:00,2019-04-02 14:30:32.506000-04:00,2019-04-02 14:39:25.255000-04:00,1,,,,,,Control,494.799,56.3505,6.0,6.0,2.0,2.0,8.0,8.0,0.0,0.0,6.0,2.0,0.0,0.0,0.0,1.0,,,,,,43828
PSAJ4YN,3915,2019-03-18 07:45:00-04:00,2019-03-19 08:02:00-04:00,2019-03-18 22:01:32.709000-04:00,2019-03-25 09:36:59.142000-04:00,2,,,,,,Treatment,1437.84,98.8317272727273,12.0,6.0,3.0,2.0,8.0,13.0,6.0,0.0,6.0,5.0,0.0,0.0,0.0,1.0,,,,,,35342
PSAJ4YN,3917,2019-03-18 07:45:00-04:00,2019-03-19 08:02:00-04:00,2019-03-31 16:38:27.205000-04:00,,1,,,,,,Control,74.392,18.023,2.0,1.0,1.0,1.0,3.0,3.0,0.0,0.0,2.0,1.0,0.0,0.0,0.0,1.0,,,,,,42495
PSAJ4YN,3920,2019-03-18 07:45:00-04:00,2019-03-19 08:02:00-04:00,2019-03-29 13:39:04.353000-04:00,2019-04-02 10:35:07.203000-04:00,3,,,,,,Treatment,1338.773,669.3695,2.0,2.0,,,2.0,2.0,0.0,0.0,2.0,0.0,0.0,0.0,0.0,1.0,,,,,,42321
PSAJ4YN,3921,2019-03-18 07:45:00-04:00,2019-03-19 08:02:00-04:00,2019-03-19 07:26:53.343000-04:00,2019-03-19 07:35:02.223000-04:00,1,,,,,,Treatment,437.974,102.185,4.0,3.0,1.0,1.0,3.0,3.0,0.0,0.0,4.0,1.0,0.0,0.0,0.0,1.0,,,,,,35348
PSAJ4YN,3922,2019-03-18 07:45:00-04:00,2019-03-19 08:02:00-04:00,2019-04-04 13:11:43.774000-04:00,,1,,,,,,Control,48.826,,1.0,,,,0.0,0.0,0.0,0.0,1.0,0.0,0.0,0.0,0.0,1.0,,,,,,44902
PSAJ4YN,3927,2019-03-18 07:45:00-04:00,2019-03-19 08:02:00-04:00,2019-03-21 11:40:53.634000-04:00,2019-03-21 11:43:09.892000-04:00,1,,,,,,Control,92.191,30.723,3.0,3.0,,,3.0,3.0,0.0,0.0,3.0,0.0,0.0,0.0,0.0,1.0,,,,,,37214
PSAJ4YN,3928,2019-03-18 07:45:00-04:00,2019-03-19 08:02:00-04:00,2019-03-19 21:08:32.834000-04:00,,1,,,,,,Control,,,1.0,,,,,0.0,0.0,0.0,1.0,0.0,0.0,0.0,0.0,1.0,,,,,,36274
PSAJ4YN,3933,2019-03-18 07:45:00-04:00,2019-03-19 08:02:00-04:00,2019-03-20 20:23:34.559000-04:00,,1,,,,,,Treatment,5616.559,575.853222222222,10.0,3.0,2.0,1.0,8.0,13.0,4.0,0.0,6.0,4.0,0.0,0.0,0.0,1.0,,,,,,36915
PSAJ4YN,3944,2019-03-18 07:45:00-04:00,2019-03-19 08:02:00-04:00,2019-03-19 16:21:05.014000-04:00,2019-03-19 16:23:01.983000-04:00,1,,,,,,Treatment,73.192,36.5715,2.0,2.0,,,2.0,2.0,0.0,0.0,2.0,0.0,0.0,0.0,0.0,1.0,,,,,,36204
PSAJ4YN,3949,2019-03-18 07:45:00-04:00,2019-03-19 08:02:00-04:00,2019-03-18 14:27:44.176000-04:00,,1,,,,,,Control,,,1.0,,,,,0.0,0.0,0.0,1.0,0.0,0.0,0.0,0.0,1.0,,,,,,35251
PSAJ4YN,3959,2019-03-18 07:45:00-04:00,2019-03-19 08:02:00-04:00,2019-03-18 12:13:33.703000-04:00,,3,,,,,,Control,200.038,6.524,2.0,0.0,0.0,0.0,1.0,1.0,0.0,0.0,2.0,1.0,0.0,0.0,1.0,2.0,,,,,,34928
PSAJ4YN,3968,2019-03-18 07:45:00-04:00,2019-03-19 08:02:00-04:00,2019-03-31 16:54:50.261000-04:00,2019-03-31 17:52:29.430000-04:00,1,,,,,,Control,3696.437,167.597736842105,13.0,11.0,8.0,6.0,18.0,24.0,7.0,0.0,6.0,6.0,0.0,0.0,0.0,1.0,,,,,,42497
PSAJ4YN,3969,2019-03-18 07:45:00-04:00,2019-03-19 08:02:00-04:00,2019-03-18 18:40:51.202000-04:00,,2,,,,,,Treatment,2766.4,571.405666666667,6.0,0.0,0.0,0.0,3.0,3.0,0.0,0.0,6.0,5.0,0.0,0.0,0.0,1.0,,,,,,35310
PSAJ4YN,3971,2019-03-18 07:45:00-04:00,2019-03-19 08:02:00-04:00,2019-03-27 20:49:33.562000-04:00,,1,,,,,,Control,,,1.0,,,,,0.0,0.0,0.0,1.0,0.0,0.0,0.0,0.0,1.0,,,,,,40564
PSAJ4YN,3976,2019-03-18 07:45:00-04:00,2019-03-19 08:02:00-04:00,2019-03-20 22:29:28.792000-04:00,2019-03-20 22:44:14.245000-04:00,1,,,,,,Control,962.857,75.711,8.0,7.0,3.0,2.0,10.0,11.0,2.0,0.0,6.0,3.0,0.0,0.0,0.0,1.0,,,,,,36924
PSAJ4YN,3977,2019-03-18 07:45:00-04:00,2019-03-19 08:02:00-04:00,2019-03-21 10:50:53.771000-04:00,,1,,,,,,Not Assigned,,,,,,,,,,,,,,,,,,,,,,37154
PSAJ4YN,3978,2019-03-18 07:45:00-04:00,2019-03-19 08:02:00-04:00,2019-03-19 22:39:23.362000-04:00,,1,,,,,,Treatment,104.621,22.44,4.0,0.0,0.0,0.0,1.0,1.0,0.0,0.0,4.0,3.0,0.0,0.0,0.0,1.0,,,,,,36287
PSAJ4YN,4005,2019-03-18 07:45:00-04:00,2019-03-19 08:02:00-04:00,2019-03-28 18:20:53.594000-04:00,,2,,,,,,Treatment,1289.646,431.9655,4.0,0.0,0.0,0.0,2.0,2.0,0.0,0.0,4.0,3.0,0.0,0.0,0.0,2.0,,,,,,41624
PSAJ4YN,4060,2019-03-18 07:45:00-04:00,2019-03-19 08:02:00-04:00,2019-03-27 23:53:40.614000-04:00,,3,,,,,,Control,547287.424,22.8164814814815,27.0,6.0,6.0,6.0,7.0,33.0,21.0,0.0,6.0,6.0,0.0,0.0,20.0,2.0,,,,,,40578
PSAJ4YN,4061,2019-03-18 07:45:00-04:00,2019-03-19 08:02:00-04:00,2019-03-18 12:16:24.614000-04:00,,1,,,,,,Not Assigned,,,,,,,,,,,,,,,,,,,,,,34946
PSAJ4YN,4069,2019-03-18 07:45:00-04:00,2019-03-19 08:02:00-04:00,2019-03-31 17:07:05.228000-04:00,2019-03-31 19:24:00.924000-04:00,4,,,,,,Control,8168.216,4084.076,2.0,2.0,,,2.0,2.0,0.0,0.0,2.0,0.0,0.0,0.0,0.0,2.0,,,,,,42499
PSAJ4YN,4082,2019-03-18 07:45:00-04:00,2019-03-19 08:02:00-04:00,2019-04-02 13:33:51.656000-04:00,,1,,,,,,Control,568.148,29.355,8.0,5.0,5.0,5.0,11.0,14.0,2.0,0.0,6.0,6.0,0.0,0.0,2.0,1.0,,,,,,43707
PSAJ4YN,4087,2019-03-18 07:45:00-04:00,2019-03-19 08:02:00-04:00,2019-03-20 19:49:41.503000-04:00,,1,,,,,,Treatment,,,1.0,,,,,0.0,0.0,0.0,1.0,0.0,0.0,0.0,0.0,1.0,,,,,,36910
PSAJ4YN,4097,2019-03-18 07:45:00-04:00,2019-03-19 08:02:00-04:00,2019-03-24 19:24:27.124000-04:00,2019-03-24 19:27:46.825000-04:00,1,,,,,,Treatment,141.139,19.31925,4.0,3.0,1.0,1.0,4.0,6.0,0.0,0.0,4.0,1.0,0.0,0.0,0.0,1.0,,,,,,38250
PSAJ4YN,4098,2019-03-18 07:45:00-04:00,2019-03-19 08:02:00-04:00,2019-03-21 10:30:25.382000-04:00,2019-03-21 10:42:53.771000-04:00,2,,,,,,Treatment,690.915,157.639,4.0,3.0,1.0,1.0,4.0,4.0,0.0,0.0,4.0,1.0,0.0,0.0,0.0,2.0,,,,,,37141
PSAJ4YN,4105,2019-03-18 07:45:00-04:00,2019-03-19 08:02:00-04:00,2019-03-19 19:29:36.371000-04:00,2019-03-19 19:33:18.397000-04:00,1,,,,,,Control,164.322,82.1595,2.0,2.0,,,2.0,2.0,0.0,0.0,2.0,0.0,0.0,0.0,0.0,1.0,,,,,,36259
PSAJ4YN,4107,2019-03-18 07:45:00-04:00,2019-03-19 08:02:00-04:00,2019-03-29 10:12:29.168000-04:00,2019-03-31 21:26:34.580000-04:00,2,,,,,,Treatment,213029.813,53257.382,4.0,3.0,1.0,1.0,3.0,4.0,0.0,0.0,4.0,1.0,0.0,0.0,0.0,2.0,,,,,,41904
PSAJ4YN,4169,2019-03-18 07:45:00-04:00,2019-03-19 08:02:00-04:00,2019-03-18 08:02:43.534000-04:00,2019-03-18 19:07:29.251000-04:00,2,,,,,,Control,39903.433,41.8088571428571,6.0,6.0,3.0,3.0,7.0,7.0,0.0,0.0,6.0,3.0,0.0,0.0,0.0,2.0,,,,,,34583
PSAJ4YN,4236,2019-03-18 07:45:00-04:00,2019-03-19 08:02:00-04:00,2019-04-02 13:22:15.875000-04:00,,1,,,,,,Treatment,27.786,,1.0,0.0,,,0.0,0.0,0.0,0.0,1.0,1.0,0.0,0.0,0.0,1.0,,,,,,43685
PSAJ4YN,4388,2019-03-18 07:45:00-04:00,2019-03-19 08:02:00-04:00,2019-03-20 17:48:38.990000-04:00,2019-03-20 17:59:36.597000-04:00,1,,,,,,Treatment,599.314,40.4145,8.0,3.0,1.0,1.0,4.0,4.0,2.0,0.0,6.0,5.0,0.0,0.0,0.0,1.0,,,,,,36884
PSAJ4YN,4768,2019-03-18 07:45:00-04:00,2019-03-19 08:02:00-04:00,2019-03-21 11:45:17.597000-04:00,2019-03-21 11:46:26.345000-04:00,1,,,,,,Control,47.592,6.7278,4.0,3.0,1.0,0.0,5.0,5.0,0.0,0.0,4.0,1.0,0.0,0.0,1.0,1.0,,,,,,37217
PSAJ4YN,4808,2019-03-18 07:45:00-04:00,2019-03-19 08:02:00-04:00,2019-03-20 14:07:57.251000-04:00,,1,,,,,,Control,,,1.0,,,,,0.0,0.0,0.0,1.0,0.0,0.0,0.0,0.0,1.0,,,,,,36802
PSAJ4YN,4866,2019-03-18 07:45:00-04:00,2019-03-19 08:02:00-04:00,2019-03-21 10:37:30.746000-04:00,,2,,,,,,Treatment,621.64,124.449,5.0,0.0,0.0,0.0,1.0,1.0,0.0,0.0,5.0,5.0,0.0,0.0,0.0,2.0,,,,,,37146
PSAJ4YN,5473,2019-03-18 07:45:00-04:00,2019-03-19 08:02:00-04:00,2019-03-29 09:41:48.846000-04:00,2019-03-29 09:43:29.341000-04:00,1,,,,,,Control,59.509,19.8306666666667,3.0,3.0,,,3.0,3.0,0.0,0.0,3.0,0.0,0.0,0.0,0.0,1.0,,,,,,41844
PSAJ4YN,5760,2019-03-18 07:45:00-04:00,2019-03-19 08:02:00-04:00,2019-04-02 13:57:56.609000-04:00,,3,,,,,,Control,,,1.0,,,,,0.0,0.0,0.0,1.0,0.0,0.0,0.0,0.0,1.0,,,,,,43758
PSAJ4YN,9812,2020-06-07 09:00:00-04:00,,2020-09-01 17:22:26.679000-04:00,2020-09-01 17:27:16.878000-04:00,1,,,,,,Control,262.413,131.205,2.0,2.0,,,2.0,2.0,0.0,0.0,2.0,0.0,0.0,0.0,0.0,1.0,,,,,,4607518
PSAJ4YN,9813,2020-06-07 09:00:00-04:00,,2020-06-24 17:19:16.094000-04:00,2020-06-24 17:22:26.602000-04:00,1,,,,,,Treatment,156.694,78.319,2.0,2.0,,,2.0,2.0,0.0,0.0,2.0,0.0,0.0,0.0,0.0,1.0,,,,,,3944167
PSAJ4YN,9814,2020-06-07 09:00:00-04:00,,2020-09-29 16:48:31.359000-04:00,2020-09-29 16:50:59.688000-04:00,1,,,,,,Treatment,109.068,54.53,2.0,2.0,,,2.0,2.0,0.0,0.0,2.0,0.0,0.0,0.0,0.0,1.0,,,,,,6708327
PSAJ4YN,9943,2020-06-07 09:00:00-04:00,,2020-09-15 16:49:34.684000-04:00,2020-09-15 21:58:06.439000-04:00,2,,,,,,Control,316.531,158.2645,2.0,2.0,,,2.0,2.0,0.0,0.0,2.0,0.0,0.0,0.0,0.0,1.0,,,,,,5491905
PSAJ4YN,10039,2020-06-07 09:00:00-04:00,,2020-07-26 16:03:53.938000-04:00,2020-07-26 16:13:18.955000-04:00,1,,,,,,Treatment,522.408,101.9165,4.0,3.0,1.0,1.0,4.0,5.0,0.0,0.0,4.0,1.0,0.0,0.0,0.0,1.0,,,,,,3971292
PSAJ4YN,10064,2020-06-07 09:00:00-04:00,,2020-06-23 12:55:39.735000-04:00,2020-06-23 12:57:07.998000-04:00,1,,,,,,Treatment,51.757,25.874,2.0,2.0,,,2.0,2.0,0.0,0.0,2.0,0.0,0.0,0.0,0.0,1.0,,,,,,3942291
PSAJ4YN,10327,2020-06-07 09:00:00-04:00,,2020-09-15 11:35:09.951000-04:00,2020-09-15 12:29:06.967000-04:00,4,,,,,,Treatment,43.659,21.8275,2.0,2.0,,,2.0,2.0,0.0,0.0,2.0,0.0,0.0,0.0,0.0,1.0,,,,,,5423780
PSAJ4YN,14775,2020-06-07 09:00:00-04:00,,2020-07-31 17:37:17.489000-04:00,2020-07-31 18:23:44.221000-04:00,1,,,,,,Treatment,2709.415,240.5102,6.0,4.0,2.0,2.0,5.0,5.0,0.0,0.0,6.0,2.0,0.0,0.0,0.0,1.0,,,,,,3981131
PSAJ4YN,22312,2020-06-07 09:00:00-04:00,,2020-09-12 19:46:35.465000-04:00,2020-09-12 19:47:31.964000-04:00,1,,,,,,Treatment,46.857,23.4265,2.0,2.0,,,2.0,2.0,0.0,0.0,2.0,0.0,0.0,0.0,0.0,1.0,,,,,,5248637
PSAJ4YN,23347,2020-06-07 09:00:00-04:00,,2020-09-14 17:23:40.421000-04:00,2020-09-14 17:47:17.040000-04:00,1,,,,,,Treatment,1345.006,194.477666666667,4.0,3.0,1.0,1.0,3.0,3.0,0.0,0.0,4.0,1.0,0.0,0.0,0.0,1.0,,,,,,5365147
PSAJ4YN,34227,2020-06-07 09:00:00-04:00,,2020-09-20 18:32:19.038000-04:00,,1,,,,,,Control,,,1.0,,,,,0.0,0.0,0.0,1.0,0.0,0.0,0.0,0.0,1.0,,,,,,5867562
PSAJ4YN,54199,2020-06-07 09:00:00-04:00,,2020-06-29 09:59:26.630000-04:00,2020-06-29 10:20:09.273000-04:00,1,,,,,,Treatment,1181.535,590.7635,2.0,2.0,,,2.0,2.0,0.0,0.0,2.0,0.0,0.0,0.0,0.0,1.0,,,,,,3946475
PSAJ4YN,98507,2020-06-07 09:00:00-04:00,,2020-09-14 14:05:20.343000-04:00,2020-09-24 21:40:33.553000-04:00,2,,,,,,Treatment,891296.025,222823.952,4.0,3.0,1.0,1.0,3.0,4.0,0.0,0.0,4.0,1.0,0.0,0.0,0.0,2.0,,,,,,5334597
PSAJ4YN,101835,2020-02-04 09:50:13.173000-05:00,2020-02-07 09:52:00-05:00,2020-02-04 09:51:24.983000-05:00,2020-02-04 09:58:01.007000-05:00,1,,,,,,Control,387.779,47.095,5.0,4.0,1.0,1.0,5.0,6.0,0.0,0.0,5.0,2.0,0.0,0.0,1.0,1.0,,,,,,914790
PSAJ4YN,101836,2020-02-04 09:50:13.173000-05:00,2020-02-07 09:52:00-05:00,2020-02-04 09:51:25.481000-05:00,,2,,,,,,Control,597.234,51.9302222222222,5.0,4.0,4.0,4.0,9.0,9.0,0.0,0.0,5.0,5.0,0.0,0.0,0.0,1.0,,,,,,914786
PSAJ4YN,101837,2020-02-04 09:50:13.173000-05:00,2020-02-07 09:52:00-05:00,2020-02-04 09:51:26.209000-05:00,2020-02-04 09:57:21.226000-05:00,1,,,,,,Control,324.974,60.845,4.0,4.0,1.0,1.0,4.0,5.0,0.0,0.0,4.0,1.0,0.0,0.0,0.0,1.0,,,,,,914787
PSAJ4YN,101838,2020-02-04 09:50:13.173000-05:00,2020-02-07 09:52:00-05:00,2020-02-04 09:51:28.035000-05:00,,2,,,,,,Treatment,351.267,132.6955,4.0,2.0,1.0,1.0,2.0,2.0,0.0,0.0,4.0,1.0,0.0,0.0,0.0,2.0,,,,,,914791
PSAJ4YN,101839,2020-02-04 09:50:13.173000-05:00,2020-02-07 09:52:00-05:00,2020-02-04 09:51:27.570000-05:00,,1,,,,,,Not Assigned,,,,,,,,,,,,,,,,,,,,,,914789
PSAJ4YN,101840,2020-02-04 09:50:13.173000-05:00,2020-02-07 09:52:00-05:00,2020-02-04 09:51:34.573000-05:00,2020-02-04 10:01:18.674000-05:00,1,,,,,,Treatment,444.998,76.4625,5.0,3.0,1.0,1.0,4.0,4.0,0.0,0.0,5.0,2.0,0.0,0.0,0.0,1.0,,,,,,914796
PSAJ4YN,101842,2020-02-04 09:50:13.173000-05:00,2020-02-07 09:52:00-05:00,2020-02-04 09:51:59.590000-05:00,2020-02-04 10:03:00.978000-05:00,1,,,,,,Control,468.816,50.799,6.0,5.0,2.0,2.0,4.0,6.0,0.0,0.0,6.0,3.0,0.0,0.0,1.0,1.0,,,,,,914808
PSAJ4YN,101843,2020-02-04 09:50:13.173000-05:00,2020-02-07 09:52:00-05:00,2020-02-04 09:52:13.984000-05:00,,1,,,,,,Control,484.007,56.8342857142857,6.0,5.0,3.0,3.0,7.0,7.0,0.0,0.0,6.0,3.0,0.0,0.0,0.0,1.0,,,,,,914816
PSAJ4YN,101844,2020-02-04 09:50:13.173000-05:00,2020-02-07 09:52:00-05:00,2020-02-04 09:53:26.957000-05:00,,1,,,,,,Control,612.323,52.723,7.0,4.0,3.0,3.0,4.0,8.0,1.0,0.0,6.0,5.0,0.0,0.0,2.0,1.0,,,,,,914847
PSAJ4YN,103151,2020-06-07 09:00:00-04:00,,2020-07-29 20:11:32.528000-04:00,2020-07-29 20:17:44.575000-04:00,1,,,,,,Treatment,329.355,45.125,6.0,4.0,2.0,2.0,6.0,6.0,0.0,0.0,6.0,2.0,0.0,0.0,0.0,1.0,,,,,,3977702
PSAJ4YN,104860,2020-06-07 09:00:00-04:00,,2020-09-23 13:11:13.028000-04:00,2020-09-23 13:28:13.647000-04:00,1,,,,,,Control,1029.142,199.7744,4.0,4.0,1.0,1.0,5.0,5.0,0.0,0.0,4.0,1.0,0.0,0.0,0.0,1.0,,,,,,6200132
PSAJ4YN,116557,2020-04-03 08:00:00-04:00,2020-04-06 17:00:00-04:00,2020-04-06 11:24:05.469000-04:00,2020-04-06 11:32:42.687000-04:00,1,,,,,,Treatment,482.488,241.2375,2.0,2.0,,,2.0,2.0,0.0,0.0,2.0,0.0,0.0,0.0,0.0,1.0,,,,,,1563521
PSAJ4YN,116567,2020-04-03 08:00:00-04:00,2020-04-06 17:00:00-04:00,2020-04-03 13:20:56.673000-04:00,2020-04-03 13:21:55.801000-04:00,1,,,,,,Control,20.909,10.452,2.0,2.0,,,2.0,2.0,0.0,0.0,2.0,0.0,0.0,0.0,0.0,1.0,,,,,,1525801
PSAJ4YN,116767,2020-04-03 08:00:00-04:00,2020-04-06 17:00:00-04:00,2020-04-03 08:04:37.701000-04:00,2020-04-03 08:16:07.474000-04:00,1,,,,,,Control,688.239,32.673,12.0,11.0,4.0,3.0,15.0,18.0,6.0,0.0,6.0,3.0,0.0,0.0,1.0,1.0,,,,,,1509365
PSAJ4YN,116805,2020-04-03 08:00:00-04:00,2020-04-06 17:00:00-04:00,2020-04-03 10:35:20.231000-04:00,2020-04-03 10:37:23.307000-04:00,1,,,,,,Control,80.674,40.3205,2.0,2.0,,,2.0,2.0,0.0,0.0,2.0,0.0,0.0,0.0,0.0,1.0,,,,,,1516367
PSAJ4YN,116883,2020-04-03 08:00:00-04:00,2020-04-06 17:00:00-04:00,2020-04-03 14:19:09.179000-04:00,2020-04-06 14:55:27.953000-04:00,2,,,,,,Control,261589.895,68.5219166666667,9.0,9.0,4.0,4.0,12.0,12.0,3.0,0.0,6.0,4.0,0.0,0.0,0.0,2.0,,,,,,1528231
PSAJ4YN,116888,2020-04-03 08:00:00-04:00,2020-04-06 17:00:00-04:00,2020-04-06 10:19:32.723000-04:00,2020-04-06 10:31:51.188000-04:00,1,,,,,,Control,694.689,17.7544166666667,20.0,12.0,8.0,5.0,20.0,29.0,14.0,0.0,6.0,6.0,0.0,0.0,1.0,1.0,,,,,,1556097
PSAJ4YN,116890,2020-04-03 08:00:00-04:00,2020-04-06 17:00:00-04:00,2020-04-06 10:16:32.639000-04:00,,2,,,,,,Treatment,3339.606,66.517,5.0,0.0,0.0,0.0,1.0,1.0,0.0,0.0,5.0,4.0,0.0,0.0,0.0,2.0,,,,,,1555805
PSAJ4YN,117019,2020-04-03 08:00:00-04:00,2020-04-06 17:00:00-04:00,2020-04-03 15:33:21.229000-04:00,2020-04-04 17:10:16.072000-04:00,2,,,,,,Treatment,92166.805,59.0933333333333,4.0,3.0,1.0,1.0,3.0,3.0,0.0,0.0,4.0,1.0,0.0,0.0,0.0,2.0,,,,,,1530706
PSAJ4YN,117042,2020-04-03 08:00:00-04:00,2020-04-06 17:00:00-04:00,2020-04-06 11:21:38.858000-04:00,2020-04-06 11:28:02.487000-04:00,1,,,,,,Control,353.835,46.3211428571429,5.0,5.0,2.0,2.0,7.0,7.0,0.0,0.0,5.0,2.0,0.0,0.0,0.0,1.0,,,,,,1563231
PSAJ4YN,117048,2020-04-03 08:00:00-04:00,2020-04-06 17:00:00-04:00,2020-04-03 13:13:18.605000-04:00,2020-04-03 13:17:14.375000-04:00,1,,,,,,Control,161.533,80.765,2.0,2.0,,,2.0,2.0,0.0,0.0,2.0,0.0,0.0,0.0,0.0,1.0,,,,,,1525462
PSAJ4YN,117058,2020-04-03 08:00:00-04:00,2020-04-06 17:00:00-04:00,2020-04-03 12:36:41.966000-04:00,2020-04-03 12:38:48.563000-04:00,1,,,,,,Control,86.474,43.2345,2.0,2.0,,,2.0,2.0,0.0,0.0,2.0,0.0,0.0,0.0,0.0,1.0,,,,,,1523662
PSAJ4YN,117157,2020-04-03 08:00:00-04:00,2020-04-06 17:00:00-04:00,2020-04-03 10:43:08.005000-04:00,2020-04-03 10:54:55.388000-04:00,1,,,,,,Control,356.072,178.0295,2.0,2.0,,,2.0,2.0,0.0,0.0,2.0,0.0,0.0,0.0,0.0,1.0,,,,,,1516897
PSAJ4YN,117273,2020-04-03 08:00:00-04:00,2020-04-06 17:00:00-04:00,2020-04-05 09:53:38.012000-04:00,2020-04-05 10:00:21.627000-04:00,1,,,,,,Treatment,363.971,181.9755,2.0,2.0,,,2.0,2.0,0.0,0.0,2.0,0.0,0.0,0.0,0.0,1.0,,,,,,1541069
PSAJ4YN,117428,2020-04-03 08:00:00-04:00,2020-04-06 17:00:00-04:00,2020-04-06 12:38:26.558000-04:00,2020-04-06 12:42:48.807000-04:00,1,,,,,,Treatment,229.262,114.6245,2.0,2.0,,,2.0,2.0,0.0,0.0,2.0,0.0,0.0,0.0,0.0,1.0,,,,,,1571599
PSAJ4YN,117490,2020-04-03 08:00:00-04:00,2020-04-06 17:00:00-04:00,2020-04-06 11:25:21.141000-04:00,2020-04-06 12:06:32.512000-04:00,2,,,,,,Control,2469.978,26.87325,7.0,7.0,3.0,3.0,8.0,8.0,1.0,0.0,6.0,3.0,0.0,0.0,0.0,2.0,,,,,,1563657
PSAJ4YN,117649,2020-04-03 08:00:00-04:00,2020-04-06 17:00:00-04:00,2020-04-03 20:28:27.289000-04:00,2020-04-03 20:43:10.773000-04:00,1,,,,,,Control,952.153,52.2308571428571,6.0,6.0,3.0,3.0,7.0,7.0,0.0,0.0,6.0,3.0,0.0,0.0,0.0,1.0,,,,,,1535781
PSAJ4YN,117658,2020-04-03 08:00:00-04:00,2020-04-06 17:00:00-04:00,2020-04-04 11:47:02.076000-04:00,,2,,,,,,Treatment,16.552,6.568,2.0,0.0,,,1.0,1.0,0.0,0.0,2.0,1.0,0.0,0.0,0.0,1.0,,,,,,1537941
PSAJ4YN,117730,2020-04-03 08:00:00-04:00,2020-04-06 17:00:00-04:00,2020-04-07 15:30:54.253000-04:00,,1,,,,,,Treatment,147.816,,3.0,0.0,0.0,0.0,0.0,0.0,0.0,0.0,3.0,2.0,0.0,0.0,0.0,1.0,,,,,,1642105
PSAJ4YN,117754,2020-04-03 08:00:00-04:00,2020-04-06 17:00:00-04:00,2020-04-07 11:13:24.277000-04:00,2020-04-07 11:16:51.123000-04:00,1,,,,,,Control,170.968,22.7332857142857,5.0,5.0,2.0,2.0,7.0,7.0,0.0,0.0,5.0,2.0,0.0,0.0,0.0,1.0,,,,,,1617236
PSAJ4YN,117759,2020-04-03 08:00:00-04:00,2020-04-06 17:00:00-04:00,2020-04-06 11:53:45.899000-04:00,2020-04-06 11:59:27.981000-04:00,1,,,,,,Control,303.427,151.71,2.0,2.0,,,2.0,2.0,0.0,0.0,2.0,0.0,0.0,0.0,0.0,1.0,,,,,,1566753
PSAJ4YN,117760,2020-04-03 08:00:00-04:00,2020-04-06 17:00:00-04:00,2020-04-05 23:26:13.082000-04:00,2020-04-06 12:40:41.554000-04:00,2,,,,,,Treatment,46782.144,9339.3562,5.0,3.0,1.0,1.0,5.0,5.0,0.0,0.0,5.0,2.0,0.0,0.0,0.0,2.0,,,,,,1544856
PSAJ4YN,118139,2020-04-03 08:00:00-04:00,2020-04-06 17:00:00-04:00,2020-04-03 14:24:10.700000-04:00,2020-04-03 14:36:35.146000-04:00,4,,,,,,Treatment,546.941,59.2836666666667,7.0,4.0,2.0,2.0,6.0,6.0,1.0,0.0,6.0,3.0,0.0,0.0,0.0,4.0,,,,,,1528410
PSAJ4YN,118300,2020-04-03 08:00:00-04:00,2020-04-06 17:00:00-04:00,2020-04-06 11:51:55.688000-04:00,,1,,,,,,Control,,,1.0,,,,,0.0,0.0,0.0,1.0,0.0,0.0,0.0,0.0,1.0,,,,,,1566581
PSAJ4YN,118340,2020-04-03 08:00:00-04:00,2020-04-06 17:00:00-04:00,2020-04-03 17:59:23.457000-04:00,,1,,,,,,Control,,,1.0,,,,,0.0,0.0,0.0,1.0,0.0,0.0,0.0,0.0,1.0,,,,,,1533934
PSAJ4YN,118522,2020-04-03 08:00:00-04:00,2020-04-06 17:00:00-04:00,2020-04-03 12:25:42.055000-04:00,2020-04-03 12:35:37.411000-04:00,1,,,,,,Treatment,565.012,93.3476666666667,4.0,3.0,1.0,1.0,3.0,3.0,0.0,0.0,4.0,1.0,0.0,0.0,0.0,1.0,,,,,,1523115
PSAJ4YN,118875,2020-04-03 08:00:00-04:00,2020-04-06 17:00:00-04:00,2020-04-03 11:36:46.464000-04:00,,1,,,,,,Control,2931.538,45.9875263157895,39.0,14.0,12.0,6.0,33.0,92.0,33.0,0.0,6.0,6.0,0.0,0.0,23.0,1.0,,,,,,1520290
PSAJ4YN,119046,2020-04-03 08:00:00-04:00,2020-04-06 17:00:00-04:00,2020-04-05 14:50:04.136000-04:00,2020-04-06 12:13:39.734000-04:00,3,,,,,,Treatment,76973.674,38486.8295,2.0,2.0,,,2.0,2.0,0.0,0.0,2.0,0.0,0.0,0.0,0.0,2.0,,,,,,1542108
PSAJ4YN,119087,2020-04-03 08:00:00-04:00,2020-04-06 17:00:00-04:00,2020-04-06 16:36:41.364000-04:00,2020-04-06 16:41:53.343000-04:00,1,,,,,,Treatment,247.944,31.0283333333333,6.0,5.0,1.0,1.0,6.0,6.0,0.0,0.0,6.0,1.0,0.0,0.0,0.0,1.0,,,,,,1589427
PSAJ4YN,119196,2020-04-03 08:00:00-04:00,2020-04-06 17:00:00-04:00,2020-04-06 11:14:59.282000-04:00,2020-04-06 11:32:31.350000-04:00,1,,,,,,Control,608.734,304.36,2.0,2.0,,,2.0,2.0,0.0,0.0,2.0,0.0,0.0,0.0,0.0,1.0,,,,,,1562435
PSAJ4YN,119378,2020-04-03 08:00:00-04:00,2020-04-06 17:00:00-04:00,2020-04-03 13:36:40.402000-04:00,,1,,,,,,Treatment,132.605,14.2525,6.0,0.0,0.0,0.0,4.0,4.0,0.0,0.0,6.0,5.0,0.0,0.0,0.0,1.0,,,,,,1526525
PSAJ4YN,119411,2020-04-03 08:00:00-04:00,2020-04-06 17:00:00-04:00,2020-04-03 09:23:01.643000-04:00,2020-04-03 09:31:13.868000-04:00,1,,,,,,Control,528.216,41.2014,8.0,8.0,3.0,3.0,10.0,10.0,2.0,0.0,6.0,3.0,0.0,0.0,0.0,1.0,,,,,,1511865
PSAJ4YN,120011,2020-04-03 08:00:00-04:00,2020-04-06 17:00:00-04:00,2020-04-06 11:42:57.627000-04:00,2020-04-06 11:46:29.521000-04:00,1,,,,,,Treatment,174.496,87.2245,2.0,2.0,,,2.0,2.0,0.0,0.0,2.0,0.0,0.0,0.0,0.0,1.0,,,,,,1565602
PSAJ4YN,120110,2020-04-03 08:00:00-04:00,2020-04-06 17:00:00-04:00,2020-04-04 16:55:48.951000-04:00,,3,,,,,,Control,44.25,4.65466666666667,3.0,0.0,0.0,0.0,1.0,3.0,0.0,0.0,3.0,2.0,0.0,0.0,2.0,2.0,,,,,,1539381
PSAJ4YN,120117,2020-04-03 08:00:00-04:00,2020-04-06 17:00:00-04:00,2020-04-07 10:40:07.159000-04:00,,1,,,,,,Control,,,1.0,,,,,0.0,0.0,0.0,1.0,0.0,0.0,0.0,0.0,1.0,,,,,,1613081
PSAJ4YN,121051,2020-04-03 08:00:00-04:00,2020-04-06 17:00:00-04:00,2020-04-06 13:23:55.674000-04:00,2020-04-06 13:33:29.129000-04:00,1,,,,,,Treatment,533.662,266.8185,2.0,2.0,,,2.0,2.0,0.0,0.0,2.0,0.0,0.0,0.0,0.0,1.0,,,,,,1576215
PSAJ4YN,121365,2020-04-03 08:00:00-04:00,2020-04-06 17:00:00-04:00,2020-04-03 12:14:12.345000-04:00,2020-04-03 12:19:04.091000-04:00,1,,,,,,Treatment,256.724,128.36,2.0,2.0,,,2.0,2.0,0.0,0.0,2.0,0.0,0.0,0.0,0.0,1.0,,,,,,1522471
PSAJ4YN,121900,2020-04-03 08:00:00-04:00,2020-04-06 17:00:00-04:00,2020-04-03 13:18:06.594000-04:00,2020-04-03 13:28:10.571000-04:00,1,,,,,,Treatment,531.571,80.3606666666667,4.0,3.0,1.0,1.0,3.0,3.0,0.0,0.0,4.0,1.0,0.0,0.0,0.0,1.0,,,,,,1525673
PSAJ4YN,123460,2020-04-03 08:00:00-04:00,2020-04-06 17:00:00-04:00,2020-04-03 10:57:41.669000-04:00,2020-04-03 11:02:42.049000-04:00,1,,,,,,Control,268.806,24.9396666666667,5.0,5.0,2.0,2.0,6.0,6.0,0.0,0.0,5.0,2.0,0.0,0.0,0.0,1.0,,,,,,1517849
PSAJ4YN,124491,2020-04-03 08:00:00-04:00,2020-04-06 17:00:00-04:00,2020-04-03 13:04:09.339000-04:00,2020-04-03 13:13:33.722000-04:00,1,,,,,,Treatment,482.253,99.30475,4.0,3.0,1.0,1.0,4.0,4.0,0.0,0.0,4.0,1.0,0.0,0.0,0.0,1.0,,,,,,1525007
PSAJ4YN,125130,2020-04-03 08:00:00-04:00,2020-04-06 17:00:00-04:00,2020-04-03 13:48:36.034000-04:00,2020-04-03 14:02:18.691000-04:00,1,,,,,,Control,892.439,73.1786,5.0,5.0,2.0,2.0,5.0,5.0,0.0,0.0,5.0,2.0,0.0,0.0,0.0,1.0,,,,,,1527029
PSAJ4YN,245696,2020-12-09 07:00:00-05:00,2020-12-10 07:01:00-05:00,2020-12-09 08:29:19.822000-05:00,,2,,,,,,Treatment,83160.753,3.116,3.0,0.0,0.0,0.0,1.0,1.0,0.0,0.0,3.0,3.0,0.0,0.0,0.0,2.0,,,,,,10941252
PSAJ4YN,247615,2020-12-09 07:00:00-05:00,2020-12-10 07:01:00-05:00,2020-12-10 02:12:07.506000-05:00,2020-12-10 02:30:56.055000-05:00,1,,,,,,Treatment,1019.224,66.9174444444444,11.0,6.0,3.0,2.0,9.0,13.0,5.0,0.0,6.0,4.0,0.0,0.0,0.0,1.0,,,,,,11018171
PSAJ4YN,247773,2020-12-09 07:00:00-05:00,2020-12-10 07:01:00-05:00,2020-12-10 10:51:07.300000-05:00,,2,,,,,,Control,,,1.0,,,,,0.0,0.0,0.0,1.0,0.0,0.0,0.0,0.0,1.0,,,,,,11038140
PSAJ4YN,248290,2020-12-09 07:00:00-05:00,2020-12-10 07:01:00-05:00,2020-12-09 08:56:16.652000-05:00,2020-12-09 09:16:55.255000-05:00,1,,,,,,Control,1374.281,32.4131904761905,16.0,13.0,8.0,6.0,21.0,27.0,10.0,0.0,6.0,6.0,0.0,0.0,1.0,1.0,,,,,,10943343
PSAJ4YN,248692,2020-12-09 07:00:00-05:00,2020-12-10 07:01:00-05:00,2020-12-09 08:15:44.228000-05:00,2020-12-09 08:32:51.020000-05:00,2,,,,,,Treatment,936.053,96.018,7.0,5.0,2.0,2.0,6.0,6.0,1.0,0.0,6.0,2.0,0.0,0.0,0.0,2.0,,,,,,10940609
PSAJ4YN,249982,2020-12-09 07:00:00-05:00,2020-12-10 07:01:00-05:00,2020-12-09 19:58:08.293000-05:00,2020-12-09 20:23:04.801000-05:00,1,,,,,,Treatment,1452.794,361.1855,4.0,3.0,1.0,1.0,3.0,5.0,0.0,0.0,4.0,1.0,0.0,0.0,0.0,1.0,,,,,,11013153
PSAJ4YN,281944,2020-04-15 11:06:08.175000-04:00,2020-04-16 08:30:00-04:00,2020-04-15 13:58:00.058000-04:00,2020-04-15 14:00:01.332000-04:00,1,,,,,,Treatment,77.496,38.7415,2.0,2.0,,,2.0,2.0,0.0,0.0,2.0,0.0,0.0,0.0,0.0,1.0,,,,,,1930684
PSAJ4YN,282143,2020-04-15 11:06:08.175000-04:00,2020-04-16 08:30:00-04:00,2020-04-15 13:55:55.758000-04:00,2020-04-15 14:01:32.353000-04:00,1,,,,,,Control,285.489,142.7395,2.0,2.0,,,2.0,2.0,0.0,0.0,2.0,0.0,0.0,0.0,0.0,1.0,,,,,,1930443
PSAJ4YN,291929,2020-12-09 07:00:00-05:00,2020-12-10 07:01:00-05:00,2020-12-09 09:03:59.604000-05:00,2020-12-09 12:46:16.865000-05:00,1,,,,,,Treatment,12836.741,343.356689655172,29.0,14.0,8.0,2.0,28.0,41.0,23.0,0.0,6.0,4.0,0.0,0.0,8.0,1.0,,,,,,10944055
PSAJ4YN,292838,2020-12-09 07:00:00-05:00,2020-12-10 07:01:00-05:00,2020-12-09 07:27:09.084000-05:00,2020-12-09 07:36:39.845000-05:00,1,,,,,,Treatment,520.689,260.3425,2.0,2.0,,,2.0,2.0,0.0,0.0,2.0,0.0,0.0,0.0,0.0,1.0,,,,,,10939507
PSAJ4YN,294941,2020-12-09 07:00:00-05:00,2020-12-10 07:01:00-05:00,2020-12-10 02:03:26.413000-05:00,2020-12-10 10:35:01.599000-05:00,2,,,,,,Treatment,30629.971,5923.4762,7.0,3.0,1.0,1.0,5.0,5.0,1.0,0.0,6.0,4.0,0.0,0.0,0.0,2.0,,,,,,11018146
PSAJ4YN,295122,2020-12-09 07:00:00-05:00,2020-12-10 07:01:00-05:00,2020-12-09 15:22:19.712000-05:00,2020-12-09 17:57:18.665000-05:00,2,,,,,,Treatment,9079.793,320.705461538461,26.0,3.0,1.0,0.0,15.0,37.0,20.0,0.0,6.0,6.0,0.0,0.0,17.0,2.0,,,,,,11000248
PSAJ4YN,295165,2020-12-09 07:00:00-05:00,2020-12-10 07:01:00-05:00,2020-12-09 08:00:38.783000-05:00,2020-12-09 17:55:16.723000-05:00,3,,,,,,Treatment,27145.743,1869.49585714286,15.0,6.0,4.0,2.0,11.0,29.0,9.0,0.0,6.0,5.0,0.0,0.0,4.0,2.0,,,,,,10940012
PSAJ4YN,295810,2020-12-09 07:00:00-05:00,2020-12-10 07:01:00-05:00,2020-12-10 11:29:20.201000-05:00,,1,,,,,,Control,,,1.0,,,,,0.0,0.0,0.0,1.0,0.0,0.0,0.0,0.0,1.0,,,,,,11044729
PSAJ4YN,301582,2020-12-09 07:00:00-05:00,2020-12-10 07:01:00-05:00,2020-12-09 07:23:00.939000-05:00,2020-12-09 07:26:25.358000-05:00,1,,,,,,Treatment,128.591,64.293,2.0,2.0,,,2.0,2.0,0.0,0.0,2.0,0.0,0.0,0.0,0.0,1.0,,,,,,10939478
PSAJ4YN,302416,2020-12-09 07:00:00-05:00,2020-12-10 07:01:00-05:00,2020-12-09 07:27:16.957000-05:00,2020-12-09 07:28:02.891000-05:00,1,,,,,,Treatment,28.313,14.154,2.0,2.0,,,2.0,2.0,0.0,0.0,2.0,0.0,0.0,0.0,0.0,1.0,,,,,,10939508
PSAJ4YN,302488,2020-12-09 07:00:00-05:00,2020-12-10 07:01:00-05:00,2020-12-09 08:12:20.353000-05:00,2020-12-09 19:29:34.693000-05:00,2,,,,,,Control,127.683,63.838,2.0,2.0,,,2.0,2.0,0.0,0.0,2.0,0.0,0.0,0.0,0.0,1.0,,,,,,10940453
PSAJ4YN,304083,2020-12-09 07:00:00-05:00,2020-12-10 07:01:00-05:00,2020-12-10 10:47:47.991000-05:00,,1,,,,,,Not Assigned,,,,,,,,,,,,,,,,,,,,,,11037591
PSAJ4YN,307681,2020-12-09 07:00:00-05:00,2020-12-10 07:01:00-05:00,2020-12-10 10:41:49.333000-05:00,,1,,,,,,Control,1328.403,110.57,10.0,6.0,6.0,6.0,8.0,25.0,4.0,0.0,6.0,6.0,0.0,0.0,3.0,1.0,,,,,,11036696
PSAJ4YN,310331,2020-12-09 07:00:00-05:00,2020-12-10 07:01:00-05:00,2020-12-09 07:34:39.060000-05:00,,1,,,,,,Treatment,,,1.0,,,,,0.0,0.0,0.0,1.0,0.0,0.0,0.0,0.0,1.0,,,,,,10939548
PSAJ4YN,310514,2020-12-09 07:00:00-05:00,2020-12-10 07:01:00-05:00,2020-12-10 10:26:21.703000-05:00,,1,,,,,,Treatment,1208.54,13.768,4.0,0.0,0.0,0.0,2.0,4.0,0.0,0.0,4.0,3.0,0.0,0.0,0.0,1.0,,,,,,11034259
PSAJ4YN,316052,2020-12-09 07:00:00-05:00,2020-12-10 07:01:00-05:00,2020-12-09 20:54:35.769000-05:00,,1,,,,,,Control,176.052,21.9788,4.0,0.0,0.0,0.0,2.0,5.0,0.0,0.0,4.0,3.0,0.0,0.0,3.0,1.0,,,,,,11014542
PSAJ4YN,321079,2020-12-09 07:00:00-05:00,2020-12-10 07:01:00-05:00,2020-12-09 11:31:16.170000-05:00,,1,,,,,,Treatment,86.616,66.746,2.0,0.0,,,0.0,3.0,0.0,0.0,2.0,1.0,0.0,0.0,0.0,1.0,,,,,,10966509
PSAJ4YN,323818,2020-12-09 07:00:00-05:00,2020-12-10 07:01:00-05:00,2020-12-16 11:59:46.864000-05:00,,1,,,,,,Control,192.84,89.655,1.0,1.0,1.0,1.0,2.0,2.0,0.0,0.0,1.0,1.0,0.0,0.0,0.0,1.0,,,,,,11349166
PSAJ4YN,329459,2020-12-09 07:00:00-05:00,2020-12-10 07:01:00-05:00,2020-12-10 12:03:03.003000-05:00,,1,,,,,,Control,,,1.0,,,,,0.0,0.0,0.0,1.0,0.0,0.0,0.0,0.0,1.0,,,,,,11050441
PSAJ4YN,387108,2020-06-07 09:00:00-04:00,,2020-06-15 00:09:19.343000-04:00,2020-06-15 00:10:19.332000-04:00,1,,,,,,Treatment,35.976,17.984,2.0,2.0,,,2.0,2.0,0.0,0.0,2.0,0.0,0.0,0.0,0.0,1.0,,,,,,3913789
PSAJ4YN,387118,2020-06-07 09:00:00-04:00,,2020-06-30 14:58:46.037000-04:00,2020-08-11 17:06:42.631000-04:00,2,,,,,,Treatment,3636465.948,34.399,4.0,3.0,1.0,1.0,3.0,3.0,0.0,0.0,4.0,1.0,0.0,0.0,0.0,2.0,,,,,,3947519
PSAJ4YN,387167,2020-06-07 09:00:00-04:00,,2020-06-07 19:02:05.792000-04:00,2020-06-07 19:10:49.822000-04:00,5,,,,,,Control,493.875,23.7426,12.0,11.0,5.0,4.0,15.0,16.0,6.0,0.0,6.0,4.0,0.0,0.0,1.0,5.0,,,,,,3837094
PSAJ4YN,387179,2020-06-07 09:00:00-04:00,,2020-06-14 23:40:14.395000-04:00,2020-06-14 23:41:26.650000-04:00,1,,,,,,Treatment,44.327,22.159,2.0,2.0,,,2.0,2.0,0.0,0.0,2.0,0.0,0.0,0.0,0.0,1.0,,,,,,3913736
PSAJ4YN,387255,2020-06-07 09:00:00-04:00,,2020-06-07 11:33:04.075000-04:00,2020-06-07 11:42:20.313000-04:00,1,,,,,,Treatment,528.385,101.4984,5.0,4.0,1.0,1.0,5.0,5.0,0.0,0.0,5.0,1.0,0.0,0.0,0.0,1.0,,,,,,3835728
PSAJ4YN,387358,2020-06-07 09:00:00-04:00,,2020-06-09 11:54:05.268000-04:00,2020-06-09 11:57:10.793000-04:00,1,,,,,,Control,142.888,26.9204,4.0,4.0,1.0,1.0,5.0,5.0,0.0,0.0,4.0,1.0,0.0,0.0,0.0,1.0,,,,,,3865414
PSAJ4YN,387428,2020-06-07 09:00:00-04:00,,2020-06-22 09:22:51.010000-04:00,2020-06-22 09:25:25.916000-04:00,1,,,,,,Control,44.197,22.093,2.0,2.0,,,2.0,2.0,0.0,0.0,2.0,0.0,0.0,0.0,0.0,1.0,,,,,,3939624
PSAJ4YN,387714,2020-06-07 09:00:00-04:00,,2020-06-19 11:31:29.120000-04:00,2020-06-19 11:35:23.215000-04:00,1,,,,,,Treatment,190.801,95.397,2.0,2.0,,,2.0,2.0,0.0,0.0,2.0,0.0,0.0,0.0,0.0,1.0,,,,,,3937351
PSAJ4YN,387725,2020-06-07 09:00:00-04:00,,2020-10-20 08:32:50.732000-04:00,2020-11-02 09:56:37.088000-05:00,2,,,,,,Treatment,1131808.997,282940.437,4.0,3.0,1.0,1.0,4.0,4.0,0.0,0.0,4.0,1.0,0.0,0.0,0.0,2.0,,,,,,8120307
PSAJ4YN,387746,2020-06-07 09:00:00-04:00,,2020-06-09 17:12:00.011000-04:00,2020-08-03 20:39:56.228000-04:00,5,,,,,,Treatment,1391653.725,347913.40375,4.0,3.0,1.0,1.0,3.0,4.0,0.0,0.0,4.0,1.0,0.0,0.0,0.0,2.0,,,,,,3871810
PSAJ4YN,387801,2020-06-07 09:00:00-04:00,,2020-09-09 15:20:02.080000-04:00,2020-09-09 15:27:50.090000-04:00,1,,,,,,Control,450.713,225.349,2.0,2.0,,,2.0,2.0,0.0,0.0,2.0,0.0,0.0,0.0,0.0,1.0,,,,,,5023595
PSAJ4YN,387805,2020-06-07 09:00:00-04:00,,2020-06-17 21:37:00.063000-04:00,2020-06-17 23:22:51.873000-04:00,4,,,,,,Control,6337.221,52.0356666666667,9.0,9.0,5.0,5.0,12.0,12.0,3.0,0.0,6.0,5.0,0.0,0.0,0.0,2.0,,,,,,3931733
PSAJ4YN,387817,2020-06-07 09:00:00-04:00,,2020-09-14 17:45:11.961000-04:00,2020-09-14 17:47:35.570000-04:00,1,,,,,,Control,134.399,67.1965,2.0,2.0,,,2.0,2.0,0.0,0.0,2.0,0.0,0.0,0.0,0.0,1.0,,,,,,5366678
PSAJ4YN,387913,2020-06-07 09:00:00-04:00,,2020-09-22 12:32:36.150000-04:00,,1,,,,,,Not Assigned,,,,,,,,,,,,,,,,,,,,,,6060152
PSAJ4YN,387967,2020-06-07 09:00:00-04:00,,2020-07-30 18:10:12.769000-04:00,2020-07-30 18:14:58.019000-04:00,1,,,,,,Control,287.519,35.1421666666667,5.0,4.0,1.0,1.0,5.0,6.0,0.0,0.0,5.0,2.0,0.0,0.0,1.0,1.0,,,,,,3979465
PSAJ4YN,388012,2020-06-07 09:00:00-04:00,,2020-06-22 20:13:06.581000-04:00,,1,,,,,,Not Assigned,,,,,,,,,,,,,,,,,,,,,,3941182
PSAJ4YN,388076,2020-06-07 09:00:00-04:00,,2020-07-03 16:45:59.368000-04:00,2020-07-03 16:54:32.284000-04:00,1,,,,,,Control,809.798,111.51325,4.0,4.0,1.0,1.0,4.0,4.0,0.0,0.0,4.0,1.0,0.0,0.0,0.0,1.0,,,,,,3948991
PSAJ4YN,388084,2020-06-07 09:00:00-04:00,,2020-09-20 19:50:27.857000-04:00,,1,,,,,,Treatment,,,1.0,,,,,0.0,0.0,0.0,1.0,0.0,0.0,0.0,0.0,1.0,,,,,,5868780
PSAJ4YN,388374,2020-06-07 09:00:00-04:00,,2020-09-12 17:35:24.646000-04:00,,1,,,,,,Treatment,1080.817,540.2695,2.0,0.0,0.0,0.0,0.0,2.0,0.0,0.0,2.0,2.0,0.0,0.0,0.0,1.0,,,,,,5247853
PSAJ4YN,388415,2020-06-07 09:00:00-04:00,,2020-06-09 16:55:37.912000-04:00,2020-06-09 17:16:54.003000-04:00,1,,,,,,Treatment,1245.754,326.775666666667,4.0,3.0,1.0,1.0,3.0,3.0,0.0,0.0,4.0,1.0,0.0,0.0,0.0,1.0,,,,,,3871617
PSAJ4YN,388507,2020-06-07 09:00:00-04:00,,2020-08-06 13:48:49.850000-04:00,2020-08-06 13:54:36.672000-04:00,2,,,,,,Treatment,328.667,164.3045,2.0,2.0,,,2.0,2.0,0.0,0.0,2.0,0.0,0.0,0.0,0.0,2.0,,,,,,3988735
PSAJ4YN,388517,2020-06-07 09:00:00-04:00,,2020-08-14 21:44:20.492000-04:00,,1,,,,,,Treatment,,,1.0,,,,,0.0,0.0,0.0,1.0,0.0,0.0,0.0,0.0,1.0,,,,,,4052897
PSAJ4YN,388812,2020-06-07 09:00:00-04:00,,2020-08-06 18:13:55.911000-04:00,2020-08-06 18:25:38.472000-04:00,1,,,,,,Control,818.757,121.9355,4.0,4.0,1.0,1.0,4.0,4.0,0.0,0.0,4.0,1.0,0.0,0.0,0.0,1.0,,,,,,3989949
PSAJ4YN,389047,2020-06-07 09:00:00-04:00,,2020-08-29 14:27:41.985000-04:00,2020-08-29 14:30:07.178000-04:00,1,,,,,,Treatment,129.445,64.7205,2.0,2.0,,,2.0,2.0,0.0,0.0,2.0,0.0,0.0,0.0,0.0,1.0,,,,,,4451549
PSAJ4YN,389062,2020-06-07 09:00:00-04:00,,2020-07-06 11:42:51.693000-04:00,2020-07-06 11:48:02.343000-04:00,1,,,,,,Control,270.966,43.5326666666667,5.0,5.0,1.0,1.0,6.0,6.0,0.0,0.0,5.0,1.0,0.0,0.0,0.0,1.0,,,,,,3949651
PSAJ4YN,389079,2020-06-07 09:00:00-04:00,,2020-07-14 00:38:20.969000-04:00,2020-07-14 00:44:15.828000-04:00,1,,,,,,Treatment,310.775,59.9935,4.0,3.0,1.0,1.0,4.0,4.0,0.0,0.0,4.0,1.0,0.0,0.0,0.0,1.0,,,,,,3956354
PSAJ4YN,389156,2020-06-07 09:00:00-04:00,,2020-06-15 11:19:14.300000-04:00,2020-06-15 11:22:05.603000-04:00,1,,,,,,Control,126.03,63.011,2.0,2.0,,,2.0,2.0,0.0,0.0,2.0,0.0,0.0,0.0,0.0,1.0,,,,,,3916989
PSAJ4YN,389212,2020-06-07 09:00:00-04:00,,2020-07-07 15:21:39.010000-04:00,2020-09-09 14:14:42.877000-04:00,2,,,,,,Control,5525839.168,138.5106,7.0,7.0,4.0,4.0,10.0,10.0,1.0,0.0,6.0,4.0,0.0,0.0,0.0,2.0,,,,,,3950954
PSAJ4YN,389308,2020-06-07 09:00:00-04:00,,2020-07-29 19:11:24.116000-04:00,2020-07-29 19:12:38.518000-04:00,1,,,,,,Control,16.378,8.186,2.0,2.0,,,2.0,2.0,0.0,0.0,2.0,0.0,0.0,0.0,0.0,1.0,,,,,,3977628
PSAJ4YN,389365,2020-06-07 09:00:00-04:00,,2020-07-29 19:11:14.236000-04:00,2020-07-29 19:12:11.627000-04:00,1,,,,,,Treatment,48.9,24.4475,2.0,2.0,,,2.0,2.0,0.0,0.0,2.0,0.0,0.0,0.0,0.0,1.0,,,,,,3977627
PSAJ4YN,389445,2020-06-07 09:00:00-04:00,,2020-08-10 12:54:15.315000-04:00,2020-08-10 12:56:01.547000-04:00,1,,,,,,Treatment,80.59,40.2935,2.0,2.0,,,2.0,2.0,0.0,0.0,2.0,0.0,0.0,0.0,0.0,1.0,,,,,,3997481
PSAJ4YN,389553,2020-06-07 09:00:00-04:00,,2020-07-28 19:00:59.178000-04:00,2020-08-12 09:19:00.552000-04:00,2,,,,,,Control,440.215,78.6555,4.0,4.0,1.0,1.0,3.0,4.0,0.0,0.0,4.0,1.0,0.0,0.0,0.0,1.0,,,,,,3975829
PSAJ4YN,389630,2020-06-07 09:00:00-04:00,,2020-09-11 11:37:54.484000-04:00,2020-09-11 11:41:30.194000-04:00,1,,,,,,Control,216.335,29.82575,4.0,4.0,1.0,1.0,4.0,4.0,0.0,0.0,4.0,1.0,0.0,0.0,0.0,1.0,,,,,,5191557
PSAJ4YN,389637,2020-06-07 09:00:00-04:00,,2020-10-04 21:13:29.881000-04:00,2020-10-04 21:18:11.468000-04:00,1,,,,,,Treatment,225.047,60.1613333333333,4.0,3.0,1.0,1.0,3.0,3.0,0.0,0.0,4.0,1.0,0.0,0.0,0.0,1.0,,,,,,7059567
PSAJ4YN,389727,2020-06-07 09:00:00-04:00,,2020-09-13 18:03:55.463000-04:00,2020-09-13 18:09:44.176000-04:00,1,,,,,,Control,335.63,111.87,3.0,3.0,,,3.0,3.0,0.0,0.0,3.0,0.0,0.0,0.0,0.0,1.0,,,,,,5255189
PSAJ4YN,389736,2020-06-07 09:00:00-04:00,,2020-09-08 14:15:34.445000-04:00,2020-09-08 14:17:39.135000-04:00,1,,,,,,Treatment,91.678,45.834,2.0,2.0,,,2.0,2.0,0.0,0.0,2.0,0.0,0.0,0.0,0.0,1.0,,,,,,4912662
PSAJ4YN,389787,2020-06-07 09:00:00-04:00,,2020-07-31 21:29:04.367000-04:00,2020-07-31 21:36:48.050000-04:00,1,,,,,,Control,431.848,215.922,2.0,2.0,,,2.0,2.0,0.0,0.0,2.0,0.0,0.0,0.0,0.0,1.0,,,,,,3981316
PSAJ4YN,389805,2020-06-07 09:00:00-04:00,,2020-10-05 21:15:41.725000-04:00,2020-10-05 21:21:10.675000-04:00,1,,,,,,Treatment,310.553,33.5642857142857,7.0,4.0,1.0,1.0,7.0,8.0,1.0,0.0,6.0,3.0,0.0,0.0,0.0,1.0,,,,,,7168460
PSAJ4YN,389806,2020-06-07 09:00:00-04:00,,2020-08-11 16:26:38.927000-04:00,2020-08-11 16:32:46.786000-04:00,1,,,,,,Control,361.565,67.862,4.0,4.0,1.0,1.0,5.0,5.0,0.0,0.0,4.0,1.0,0.0,0.0,0.0,1.0,,,,,,4011324
PSAJ4YN,389813,2020-06-07 09:00:00-04:00,,2020-09-09 20:49:17.180000-04:00,,1,,,,,,Control,119.711,50.801,2.0,1.0,1.0,1.0,2.0,2.0,0.0,0.0,2.0,1.0,0.0,0.0,0.0,1.0,,,,,,5043739
PSAJ4YN,389828,2020-06-07 09:00:00-04:00,,2020-09-12 19:41:21.466000-04:00,2020-09-13 11:54:28.263000-04:00,2,,,,,,Control,285.676,48.8615,4.0,4.0,1.0,1.0,4.0,4.0,0.0,0.0,4.0,1.0,0.0,0.0,0.0,1.0,,,,,,5248604
PSAJ4YN,389832,2020-06-07 09:00:00-04:00,,2020-09-09 17:14:31.386000-04:00,2020-09-17 14:36:59.091000-04:00,6,,,,,,Control,739333.744,45442.8993333333,12.0,10.0,6.0,4.0,14.0,17.0,6.0,0.0,6.0,5.0,0.0,0.0,2.0,5.0,,,,,,5034505
PSAJ4YN,389897,2020-06-07 09:00:00-04:00,,2020-08-04 11:19:44.199000-04:00,2020-08-04 11:27:10.755000-04:00,1,,,,,,Control,411.025,205.5095,2.0,2.0,,,2.0,2.0,0.0,0.0,2.0,0.0,0.0,0.0,0.0,1.0,,,,,,3984040
PSAJ4YN,389904,2020-06-07 09:00:00-04:00,,2020-09-15 18:47:01.498000-04:00,2020-09-15 18:59:48.300000-04:00,1,,,,,,Control,755.217,124.9825,5.0,5.0,1.0,1.0,6.0,6.0,0.0,0.0,5.0,1.0,0.0,0.0,0.0,1.0,,,,,,5499893
PSAJ4YN,389915,2020-06-07 09:00:00-04:00,,2020-09-14 14:04:47.298000-04:00,2020-09-16 06:57:15.589000-04:00,1,,,,,,Control,293918.281,36768.5095,4.0,3.0,1.0,0.0,3.0,4.0,0.0,0.0,4.0,1.0,0.0,0.0,1.0,1.0,,,,,,5334461
PSAJ4YN,389940,2020-06-07 09:00:00-04:00,,2020-07-10 10:59:04.290000-04:00,2020-07-10 11:08:32.333000-04:00,1,,,,,,Control,585.48,75.2262857142857,5.0,5.0,2.0,2.0,7.0,7.0,0.0,0.0,5.0,2.0,0.0,0.0,0.0,1.0,,,,,,3953648
PSAJ4YN,389954,2020-06-07 09:00:00-04:00,,2020-07-17 14:57:41.652000-04:00,,1,,,,,,Treatment,12.357,,1.0,,,,0.0,0.0,0.0,0.0,1.0,1.0,0.0,0.0,0.0,1.0,,,,,,3962793
PSAJ4YN,390019,2020-06-07 09:00:00-04:00,,2020-07-26 14:17:37.129000-04:00,2020-07-26 14:19:46.158000-04:00,2,,,,,,Treatment,40.637,20.3145,2.0,2.0,,,2.0,2.0,0.0,0.0,2.0,0.0,0.0,0.0,0.0,1.0,,,,,,3971251
PSAJ4YN,390027,2020-06-07 09:00:00-04:00,,2020-07-20 01:11:23.501000-04:00,2020-07-20 01:19:45.403000-04:00,1,,,,,,Treatment,420.122,58.4071428571429,7.0,5.0,2.0,2.0,6.0,7.0,1.0,0.0,6.0,2.0,0.0,0.0,0.0,1.0,,,,,,3963500
PSAJ4YN,390074,2020-06-07 09:00:00-04:00,,2020-09-01 03:25:40.029000-04:00,2020-09-01 21:31:27.838000-04:00,2,,,,,,Control,64976.532,12989.3036,4.0,4.0,1.0,1.0,5.0,5.0,0.0,0.0,4.0,1.0,0.0,0.0,0.0,2.0,,,,,,4534964
PSAJ4YN,390111,2020-06-07 09:00:00-04:00,,2020-08-10 11:02:51.787000-04:00,2020-08-10 11:06:07.920000-04:00,1,,,,,,Control,216.65,23.1838571428571,5.0,5.0,2.0,2.0,7.0,7.0,0.0,0.0,5.0,2.0,0.0,0.0,0.0,1.0,,,,,,3995421
PSAJ4YN,390119,2020-06-07 09:00:00-04:00,,2020-09-14 18:04:36.580000-04:00,2020-09-15 20:13:45.259000-04:00,2,,,,,,Control,94149.047,31.49275,4.0,4.0,1.0,1.0,4.0,4.0,0.0,0.0,4.0,1.0,0.0,0.0,0.0,2.0,,,,,,5367926
PSAJ4YN,390147,2020-06-07 09:00:00-04:00,,2020-07-06 12:47:24.731000-04:00,2020-07-06 12:52:20.256000-04:00,2,,,,,,Treatment,243.537,46.8842,5.0,3.0,1.0,1.0,3.0,5.0,0.0,0.0,5.0,2.0,0.0,0.0,0.0,3.0,,,,,,3949753
PSAJ4YN,390149,2020-06-07 09:00:00-04:00,,2020-09-09 06:45:12.647000-04:00,2020-09-09 07:06:51.019000-04:00,2,,,,,,Control,1369.095,97.4970909090909,8.0,8.0,5.0,5.0,11.0,11.0,2.0,0.0,6.0,5.0,0.0,0.0,0.0,2.0,,,,,,4950268
PSAJ4YN,390152,2020-06-07 09:00:00-04:00,,2020-08-31 10:34:25.351000-04:00,2020-09-08 14:42:05.822000-04:00,2,,,,,,Control,706020.914,353010.4515,2.0,2.0,,,2.0,2.0,0.0,0.0,2.0,0.0,0.0,0.0,0.0,2.0,,,,,,4470901
PSAJ4YN,390163,2020-06-07 09:00:00-04:00,,2020-09-15 12:39:35.105000-04:00,2020-10-06 08:26:10.525000-04:00,2,,,,,,Control,1799243.896,35.5697142857143,12.0,9.0,5.0,3.0,13.0,16.0,6.0,0.0,6.0,4.0,0.0,0.0,3.0,2.0,,,,,,5439679
PSAJ4YN,390202,2020-06-07 09:00:00-04:00,,2020-09-14 01:04:31.238000-04:00,,2,,,,,,Not Assigned,,,,,,,,,,,,,,,,,,,,,,5260789
PSAJ4YN,390217,2020-06-07 09:00:00-04:00,,2020-09-14 18:51:31.719000-04:00,2020-09-14 18:56:32.924000-04:00,1,,,,,,Control,281.084,37.13475,4.0,4.0,1.0,1.0,4.0,4.0,0.0,0.0,4.0,1.0,0.0,0.0,0.0,1.0,,,,,,5370564
PSAJ4YN,390308,2020-06-07 09:00:00-04:00,,2020-09-04 14:55:11.448000-04:00,2020-09-04 16:50:52.619000-04:00,1,,,,,,Treatment,556.315,278.1535,2.0,2.0,,,2.0,2.0,0.0,0.0,2.0,0.0,0.0,0.0,0.0,1.0,,,,,,4829505
PSAJ4YN,390354,2020-06-07 09:00:00-04:00,,2020-09-14 22:17:12.297000-04:00,2020-09-15 00:13:25.226000-04:00,1,,,,,,Treatment,6891.734,1292.0752,6.0,3.0,1.0,1.0,5.0,8.0,0.0,0.0,6.0,3.0,0.0,0.0,0.0,1.0,,,,,,5379465
PSAJ4YN,390508,2020-06-07 09:00:00-04:00,,2020-07-12 17:38:10.247000-04:00,2020-08-16 14:27:56.503000-04:00,3,,,,,,Control,3012506.71,1506253.35,2.0,2.0,,,2.0,2.0,0.0,0.0,2.0,0.0,0.0,0.0,0.0,2.0,,,,,,3954472
PSAJ4YN,391200,2020-06-07 09:00:00-04:00,,2020-08-29 12:42:35.413000-04:00,2020-08-29 12:45:24.886000-04:00,1,,,,,,Treatment,130.645,65.3165,2.0,2.0,,,2.0,2.0,0.0,0.0,2.0,0.0,0.0,0.0,0.0,1.0,,,,,,4451229
PSAJ4YN,391537,2020-06-07 09:00:00-04:00,,2020-09-10 23:28:54.776000-04:00,,1,,,,,,Treatment,,,1.0,,,,,0.0,0.0,0.0,1.0,0.0,0.0,0.0,0.0,1.0,,,,,,5158275
PSAJ4YN,393472,2020-06-07 09:00:00-04:00,,2020-09-14 11:51:44.052000-04:00,2020-09-14 11:56:59.961000-04:00,1,,,,,,Treatment,279.678,69.908,4.0,3.0,1.0,1.0,3.0,4.0,0.0,0.0,4.0,1.0,0.0,0.0,0.0,1.0,,,,,,5302080
PSAJ4YN,394268,2020-06-07 09:00:00-04:00,,2020-08-13 12:48:43.663000-04:00,,2,,,,,,Treatment,2704.895,,1.0,,,,0.0,0.0,0.0,0.0,1.0,1.0,0.0,0.0,0.0,2.0,,,,,,4031867
PSAJ4YN,394842,2020-06-29 06:56:22.079000-04:00,,2020-06-29 09:38:44.096000-04:00,,1,,,,,,Control,,,1.0,,,,,0.0,0.0,0.0,1.0,0.0,0.0,0.0,0.0,1.0,,,,,,3946457
PSAJ4YN,394854,2020-06-29 06:56:22.079000-04:00,,2020-06-29 10:15:17.407000-04:00,,1,,,,,,Treatment,49.29,,1.0,,,,0.0,0.0,0.0,0.0,1.0,1.0,0.0,0.0,0.0,1.0,,,,,,3946495
PSAJ4YN,395883,2020-06-07 09:00:00-04:00,,2020-07-23 17:47:02.807000-04:00,2020-07-23 17:51:44.586000-04:00,1,,,,,,Treatment,152.097,76.043,2.0,2.0,,,2.0,2.0,0.0,0.0,2.0,0.0,0.0,0.0,0.0,1.0,,,,,,3969510
PSAJ4YN,397164,2020-06-07 09:00:00-04:00,,2020-09-11 13:34:04.054000-04:00,2020-09-11 13:35:52.516000-04:00,1,,,,,,Control,97.347,48.6705,2.0,2.0,,,2.0,2.0,0.0,0.0,2.0,0.0,0.0,0.0,0.0,1.0,,,,,,5211847
PSAJ4YN,398301,2020-06-07 09:00:00-04:00,,2020-07-18 08:14:24.993000-04:00,2020-07-18 08:17:54.554000-04:00,1,,,,,,Treatment,150.627,28.33075,4.0,3.0,1.0,1.0,4.0,4.0,0.0,0.0,4.0,1.0,0.0,0.0,0.0,1.0,,,,,,3963062
PSAJ4YN,399041,2020-06-07 09:00:00-04:00,,2020-07-22 16:11:43.626000-04:00,2020-07-22 16:16:49.147000-04:00,1,,,,,,Treatment,261.211,46.3478,5.0,4.0,1.0,1.0,5.0,6.0,0.0,0.0,5.0,1.0,0.0,0.0,0.0,1.0,,,,,,3967839
PSAJ4YN,399109,2020-06-07 09:00:00-04:00,,2020-07-22 16:09:19.873000-04:00,2020-07-22 16:12:21.154000-04:00,1,,,,,,Control,111.81,55.9035,2.0,2.0,,,2.0,2.0,0.0,0.0,2.0,0.0,0.0,0.0,0.0,1.0,,,,,,3967837
PSAJ4YN,399284,2020-06-07 09:00:00-04:00,,2020-07-29 12:21:11.216000-04:00,2020-07-29 12:25:19.565000-04:00,1,,,,,,Control,165.963,82.9695,2.0,2.0,,,2.0,2.0,0.0,0.0,2.0,0.0,0.0,0.0,0.0,1.0,,,,,,3976783
PSAJ4YN,400204,2020-06-07 09:00:00-04:00,,2020-08-11 16:32:29.605000-04:00,2020-08-11 16:36:38.360000-04:00,1,,,,,,Control,243.321,39.8042,4.0,4.0,1.0,1.0,5.0,5.0,0.0,0.0,4.0,1.0,0.0,0.0,0.0,1.0,,,,,,4011444
PSAJ4YN,424860,2020-06-07 09:00:00-04:00,,2020-08-27 00:59:02.386000-04:00,2020-08-27 01:01:29.471000-04:00,1,,,,,,Treatment,74.743,37.3685,2.0,2.0,,,2.0,2.0,0.0,0.0,2.0,0.0,0.0,0.0,0.0,1.0,,,,,,4342615
PSAJ4YN,428378,2020-06-07 09:00:00-04:00,,2020-09-09 12:52:52.386000-04:00,2020-09-14 11:19:05.528000-04:00,2,,,,,,Treatment,426334.401,46.4758333333333,7.0,3.0,1.0,1.0,6.0,8.0,1.0,0.0,6.0,4.0,0.0,0.0,0.0,2.0,,,,,,4996995
PSAJ4YN,428566,2020-06-07 09:00:00-04:00,,2020-09-09 19:24:29.084000-04:00,2020-09-09 19:30:32.344000-04:00,1,,,,,,Control,330.151,57.8664,4.0,4.0,1.0,1.0,5.0,5.0,0.0,0.0,4.0,1.0,0.0,0.0,0.0,1.0,,,,,,5040522
PSAJ4YN,441825,2020-06-07 09:00:00-04:00,,2020-08-21 12:25:03.989000-04:00,,1,,,,,,Treatment,,,1.0,,,,,0.0,0.0,0.0,1.0,0.0,0.0,0.0,0.0,1.0,,,,,,4172815
PSAJ4YN,452846,2020-06-07 09:00:00-04:00,,2020-08-20 18:41:14.833000-04:00,2020-08-22 16:24:13.518000-04:00,4,,,,,,Treatment,164551.444,41119.56975,4.0,3.0,1.0,1.0,4.0,4.0,0.0,0.0,4.0,1.0,0.0,0.0,0.0,2.0,,,,,,4158656
PSAJ4YN,521877,2020-06-07 09:00:00-04:00,,2020-09-08 00:59:03.062000-04:00,2020-09-08 14:42:46.366000-04:00,2,,,,,,Control,49638.763,130.937285714286,18.0,11.0,8.0,5.0,21.0,36.0,12.0,0.0,6.0,5.0,0.0,0.0,5.0,2.0,,,,,,4856764
PSAJ4YN,567479,2020-06-07 09:00:00-04:00,,2020-09-10 19:55:24.231000-04:00,2020-09-10 20:00:37.977000-04:00,1,,,,,,Control,245.399,24.8348571428571,6.0,6.0,2.0,2.0,7.0,7.0,0.0,0.0,6.0,2.0,0.0,0.0,0.0,1.0,,,,,,5151719
PSAJ4YN,591571,2020-06-07 09:00:00-04:00,,2020-09-10 20:44:31.991000-04:00,2020-09-10 20:47:39.533000-04:00,1,,,,,,Treatment,180.544,90.2685,2.0,2.0,,,2.0,2.0,0.0,0.0,2.0,0.0,0.0,0.0,0.0,1.0,,,,,,5153594
PSAJ4YN,616236,2020-06-07 09:00:00-04:00,,2020-09-08 15:57:15.739000-04:00,2020-09-08 16:06:01.652000-04:00,1,,,,,,Treatment,481.001,120.21275,4.0,3.0,1.0,1.0,3.0,4.0,0.0,0.0,4.0,1.0,0.0,0.0,0.0,1.0,,,,,,4928374
PSAJ4YN,620618,2021-02-03 20:10:00-05:00,2021-02-10 20:12:00-05:00,2021-02-21 18:40:12.656000-05:00,2021-02-21 19:09:03.752000-05:00,1,,,,,,Treatment,1612.858,101.66575,12.0,7.0,3.0,2.0,12.0,13.0,6.0,0.0,6.0,4.0,0.0,0.0,1.0,1.0,,,,,,13697300
PSAJ4YN,621006,2021-02-03 20:10:00-05:00,2021-02-10 20:12:00-05:00,2021-02-12 06:57:34.761000-05:00,2021-02-12 07:12:09.507000-05:00,1,,,,,,Control,852.984,42.0145,5.0,4.0,2.0,1.0,6.0,7.0,0.0,0.0,5.0,2.0,0.0,0.0,0.0,1.0,,,,,,13452796
PSAJ4YN,621401,2021-02-03 20:10:00-05:00,2021-02-10 20:12:00-05:00,2021-02-09 21:24:36.004000-05:00,2021-02-09 21:32:47.723000-05:00,1,,,,,,Treatment,402.888,80.07925,4.0,3.0,1.0,1.0,4.0,4.0,0.0,0.0,4.0,1.0,0.0,0.0,0.0,1.0,,,,,,13321883
PSAJ4YN,621439,2021-02-03 20:10:00-05:00,2021-02-10 20:12:00-05:00,2021-02-11 04:29:52.170000-05:00,2021-02-11 05:00:23.417000-05:00,1,,,,,,Control,741.718,83.100875,7.0,6.0,2.0,2.0,8.0,8.0,1.0,0.0,6.0,2.0,0.0,0.0,0.0,1.0,,,,,,13388495
PSAJ4YN,630824,2020-06-07 09:00:00-04:00,,2020-09-09 14:54:23.191000-04:00,2020-09-09 15:03:25.551000-04:00,1,,,,,,Control,576.053,89.9995,4.0,4.0,1.0,1.0,4.0,4.0,0.0,0.0,4.0,1.0,0.0,0.0,0.0,1.0,,,,,,5019866
PSAJ4YN,637811,2021-02-03 20:10:00-05:00,2021-02-10 20:12:00-05:00,2021-02-09 07:19:12.246000-05:00,2021-02-11 02:21:10.950000-05:00,2,,,,,,Control,155058.538,15439.0572,10.0,8.0,6.0,5.0,9.0,17.0,4.0,0.0,6.0,6.0,0.0,0.0,1.0,2.0,,,,,,13250934
PSAJ4YN,638509,2020-06-07 09:00:00-04:00,,2020-09-10 10:38:15.914000-04:00,2020-09-10 10:41:33.541000-04:00,1,,,,,,Control,132.208,14.14325,6.0,6.0,2.0,2.0,8.0,8.0,0.0,0.0,6.0,2.0,0.0,0.0,0.0,1.0,,,,,,5071877
PSAJ4YN,647749,2020-06-07 09:00:00-04:00,,2020-09-13 19:12:54.836000-04:00,2020-09-13 19:27:58.665000-04:00,1,,,,,,Treatment,848.717,119.857,4.0,3.0,1.0,1.0,3.0,3.0,0.0,0.0,4.0,1.0,0.0,0.0,0.0,1.0,,,,,,5256040
PSAJ4YN,648468,2020-06-07 09:00:00-04:00,,2020-09-10 15:39:55.073000-04:00,2020-09-10 15:44:54.180000-04:00,1,,,,,,Treatment,265.827,49.054,4.0,3.0,1.0,1.0,3.0,3.0,0.0,0.0,4.0,1.0,0.0,0.0,0.0,1.0,,,,,,5134051
PSAJ4YN,658288,2020-06-07 09:00:00-04:00,,2020-09-11 11:16:37.536000-04:00,,1,,,,,,Not Assigned,,,,,,,,,,,,,,,,,,,,,,5187540
PSAJ4YN,669634,2020-06-07 09:00:00-04:00,,2020-09-13 22:43:24.270000-04:00,2020-09-13 22:47:06.898000-04:00,1,,,,,,Control,186.93,93.4615,2.0,2.0,,,2.0,2.0,0.0,0.0,2.0,0.0,0.0,0.0,0.0,1.0,,,,,,5259359
PSAJ4YN,692269,2020-06-07 09:00:00-04:00,,2020-09-15 00:57:00.733000-04:00,2020-09-15 01:04:16.752000-04:00,1,,,,,,Control,405.247,26.9433333333333,5.0,5.0,2.0,2.0,6.0,6.0,0.0,0.0,5.0,2.0,0.0,0.0,0.0,1.0,,,,,,5382415
PSAJ4YN,693697,2020-06-07 09:00:00-04:00,,2020-09-16 10:58:23.100000-04:00,2020-09-16 11:00:41.831000-04:00,1,,,,,,Treatment,114.035,57.0145,2.0,2.0,,,2.0,2.0,0.0,0.0,2.0,0.0,0.0,0.0,0.0,1.0,,,,,,5544013
PSAJ4YN,694523,2020-06-07 09:00:00-04:00,,2020-09-15 21:49:59.113000-04:00,2020-09-17 00:49:43.088000-04:00,2,,,,,,Treatment,3765.072,214.462583333333,13.0,7.0,4.0,2.0,12.0,15.0,7.0,0.0,6.0,4.0,0.0,0.0,0.0,1.0,,,,,,5508322
PSAJ4YN,696157,2021-02-03 20:10:00-05:00,2021-02-10 20:12:00-05:00,2021-02-25 00:31:08.579000-05:00,,1,,,,,,Not Assigned,,,,,,,,,,,,,,,,,,,,,,13897815
PSAJ4YN,723212,2021-02-03 20:10:00-05:00,2021-02-10 20:12:00-05:00,2021-02-11 05:30:54.315000-05:00,2021-02-11 05:48:36.350000-05:00,1,,,,,,Control,1006.459,168.954,4.0,4.0,1.0,1.0,4.0,4.0,0.0,0.0,4.0,1.0,0.0,0.0,0.0,1.0,,,,,,13388560
PSAJ4YN,746567,2020-06-07 09:00:00-04:00,,2020-09-20 02:13:57.536000-04:00,2020-09-20 22:53:58.422000-04:00,2,,,,,,Control,74399.177,40.6595,5.0,4.0,1.0,1.0,4.0,4.0,0.0,0.0,5.0,1.0,0.0,0.0,0.0,2.0,,,,,,5861616
PSAJ4YN,795834,2020-11-02 15:39:06.886000-05:00,2020-11-06 15:40:00-05:00,2020-11-06 20:01:40.618000-05:00,2020-11-09 19:59:50.447000-05:00,4,,,,,,Control,259125.138,76.5844,5.0,5.0,2.0,2.0,5.0,5.0,0.0,0.0,5.0,2.0,0.0,0.0,0.0,3.0,,,,,,9330973
PSAJ4YN,796262,2020-11-02 15:39:06.886000-05:00,2020-11-06 15:40:00-05:00,2020-11-06 13:06:18.500000-05:00,2020-11-06 13:18:11.682000-05:00,1,,,,,,Treatment,659.115,123.6232,5.0,3.0,1.0,1.0,5.0,6.0,0.0,0.0,5.0,2.0,0.0,0.0,0.0,1.0,,,,,,9306026
PSAJ4YN,796472,2020-11-02 15:39:06.886000-05:00,2020-11-06 15:40:00-05:00,2020-11-04 15:31:23.542000-05:00,2020-11-09 15:44:37.693000-05:00,6,,,,,,Treatment,432745.218,216372.595,2.0,2.0,,,2.0,2.0,0.0,0.0,2.0,0.0,0.0,0.0,0.0,2.0,,,,,,9155287
PSAJ4YN,796539,2020-11-02 15:39:06.886000-05:00,2020-11-06 15:40:00-05:00,2020-11-06 11:58:40.876000-05:00,2020-12-01 15:04:38.852000-05:00,2,,,,,,Treatment,2171142.515,723714.167666667,3.0,3.0,,,3.0,3.0,0.0,0.0,3.0,0.0,0.0,0.0,0.0,2.0,,,,,,9296121
PSAJ4YN,796663,2020-11-02 15:39:06.886000-05:00,2020-11-06 15:40:00-05:00,2020-11-13 14:19:29.720000-05:00,2020-11-13 15:25:26.807000-05:00,1,,,,,,Control,4539.283,620.66875,4.0,4.0,1.0,1.0,4.0,4.0,0.0,0.0,4.0,1.0,0.0,0.0,0.0,1.0,,,,,,9736083
PSAJ4YN,797053,2020-11-02 15:39:06.885000-05:00,2020-11-06 15:40:00-05:00,2020-11-05 17:29:05.968000-05:00,2020-11-05 21:00:08.187000-05:00,2,,,,,,Control,12604.549,34.55975,4.0,4.0,1.0,1.0,4.0,4.0,0.0,0.0,4.0,1.0,0.0,0.0,0.0,2.0,,,,,,9255893
PSAJ4YN,797966,2020-11-10 16:31:55.988000-05:00,2020-11-10 19:30:00-05:00,2020-11-13 14:03:29.239000-05:00,2020-11-13 14:08:58.428000-05:00,1,,,,,,Control,307.026,153.491,2.0,2.0,,,2.0,2.0,0.0,0.0,2.0,0.0,0.0,0.0,0.0,1.0,,,,,,9733892
PSAJ4YN,799238,2020-11-02 15:39:06.885000-05:00,2020-11-06 15:40:00-05:00,2020-11-02 15:40:25.791000-05:00,2020-11-02 15:51:42.664000-05:00,1,,,,,,Control,719.358,72.169,4.0,4.0,1.0,1.0,4.0,4.0,0.0,0.0,4.0,1.0,0.0,0.0,0.0,1.0,,,,,,9006270
PSAJ4YN,799257,2020-11-02 15:39:06.886000-05:00,2020-11-06 15:40:00-05:00,2020-11-04 15:24:07.996000-05:00,2020-11-21 15:58:45.783000-05:00,2,,,,,,Treatment,1470842.703,63.0276666666667,5.0,3.0,1.0,1.0,3.0,3.0,0.0,0.0,5.0,2.0,0.0,0.0,0.0,2.0,,,,,,9154483
PSAJ4YN,799432,2020-11-02 15:39:06.886000-05:00,2020-11-06 15:40:00-05:00,2020-11-05 23:57:07.171000-05:00,,2,,,,,,Control,498.422,228.0135,2.0,1.0,1.0,1.0,2.0,2.0,0.0,0.0,2.0,1.0,0.0,0.0,0.0,1.0,,,,,,9266526
PSAJ4YN,799510,2020-11-02 15:39:06.886000-05:00,2020-11-06 15:40:00-05:00,2020-11-05 22:11:19.627000-05:00,2020-11-05 22:45:22.174000-05:00,2,,,,,,Control,2329.731,162.600666666667,8.0,8.0,3.0,3.0,8.0,9.0,2.0,0.0,6.0,3.0,0.0,0.0,0.0,2.0,,,,,,9265039
PSAJ4YN,799516,2020-11-02 15:39:06.885000-05:00,2020-11-06 15:40:00-05:00,2020-11-02 15:59:18.820000-05:00,2020-11-02 16:12:45.040000-05:00,2,,,,,,Control,328.198,164.0845,2.0,2.0,,,2.0,2.0,0.0,0.0,2.0,0.0,0.0,0.0,0.0,1.0,,,,,,9008008
PSAJ4YN,799550,2020-11-02 15:39:06.885000-05:00,2020-11-06 15:40:00-05:00,2020-11-02 18:30:40.634000-05:00,2020-11-02 18:37:02.488000-05:00,1,,,,,,Control,381.564,43.12325,6.0,6.0,2.0,2.0,8.0,8.0,0.0,0.0,6.0,2.0,0.0,0.0,0.0,1.0,,,,,,9016607
PSAJ4YN,799557,2020-11-02 15:39:06.886000-05:00,2020-11-06 15:40:00-05:00,2020-11-04 15:33:18.873000-05:00,,1,,,,,,Control,,,1.0,,,,,0.0,0.0,0.0,1.0,0.0,0.0,0.0,0.0,1.0,,,,,,9155474
PSAJ4YN,799580,2020-11-02 15:39:06.886000-05:00,2020-11-06 15:40:00-05:00,2020-11-04 13:37:45.923000-05:00,2020-11-09 23:17:15.411000-05:00,4,,,,,,Treatment,466711.837,44115.2606,11.0,4.0,2.0,1.0,7.0,14.0,5.0,0.0,6.0,6.0,0.0,0.0,1.0,3.0,,,,,,9138786
PSAJ4YN,800088,2020-11-02 15:39:06.886000-05:00,2020-11-06 15:40:00-05:00,2020-11-05 20:51:41.839000-05:00,,1,,,,,,Treatment,2995.199,299.1365,5.0,0.0,0.0,0.0,2.0,2.0,0.0,0.0,5.0,4.0,0.0,0.0,0.0,1.0,,,,,,9263262
PSAJ4YN,800381,2020-11-02 15:39:06.885000-05:00,2020-11-06 15:40:00-05:00,2020-11-02 16:06:57.840000-05:00,2020-11-02 16:14:02.527000-05:00,1,,,,,,Control,393.904,131.277666666667,3.0,3.0,,,3.0,3.0,0.0,0.0,3.0,0.0,0.0,0.0,0.0,1.0,,,,,,9008758
PSAJ4YN,800424,2020-11-02 15:39:06.885000-05:00,2020-11-06 15:40:00-05:00,2020-11-02 15:41:09.767000-05:00,2020-11-06 16:54:34.612000-05:00,2,,,,,,Treatment,349994.023,174997.0075,2.0,2.0,,,2.0,2.0,0.0,0.0,2.0,0.0,0.0,0.0,0.0,2.0,,,,,,9006344
PSAJ4YN,802001,2020-11-02 15:39:06.885000-05:00,2020-11-06 15:40:00-05:00,2020-11-02 15:44:47.645000-05:00,2020-11-04 09:21:40.063000-05:00,3,,,,,,Treatment,153.764,76.875,2.0,2.0,,,2.0,2.0,0.0,0.0,2.0,0.0,0.0,0.0,0.0,2.0,,,,,,9006700
PSAJ4YN,802544,2020-11-02 15:39:06.885000-05:00,2020-11-06 15:40:00-05:00,2020-11-06 10:36:30.031000-05:00,2020-11-06 10:46:35.326000-05:00,1,,,,,,Control,567.498,91.8118333333333,5.0,5.0,1.0,1.0,6.0,6.0,0.0,0.0,5.0,1.0,0.0,0.0,0.0,1.0,,,,,,9284304
PSAJ4YN,806694,2020-11-02 15:39:06.886000-05:00,2020-11-06 15:40:00-05:00,2020-11-02 15:47:46.932000-05:00,2020-11-04 16:30:47.410000-05:00,2,,,,,,Control,4314.491,247.425181818182,8.0,8.0,3.0,3.0,11.0,11.0,2.0,0.0,6.0,3.0,0.0,0.0,0.0,1.0,,,,,,9006975
PSAJ4YN,807019,2020-11-02 15:39:06.885000-05:00,2020-11-06 15:40:00-05:00,2020-11-05 14:02:28.853000-05:00,,1,,,,,,Control,396.709,32.2915,3.0,2.0,2.0,2.0,2.0,2.0,0.0,0.0,3.0,2.0,0.0,0.0,0.0,1.0,,,,,,9231974
PSAJ4YN,807125,2020-11-02 15:39:06.885000-05:00,2020-11-06 15:40:00-05:00,2020-11-02 16:12:22.702000-05:00,2020-11-02 16:21:53.160000-05:00,1,,,,,,Control,577.846,110.406,4.0,4.0,1.0,1.0,5.0,5.0,0.0,0.0,4.0,1.0,0.0,0.0,0.0,1.0,,,,,,9009237
PSAJ4YN,807239,2020-11-02 15:39:06.885000-05:00,2020-11-06 15:40:00-05:00,2020-11-04 16:40:36.409000-05:00,2020-11-04 16:41:10.502000-05:00,1,,,,,,Control,25.785,12.889,2.0,2.0,,,2.0,2.0,0.0,0.0,2.0,0.0,0.0,0.0,0.0,1.0,,,,,,9160808
PSAJ4YN,808212,2020-11-02 15:39:06.885000-05:00,2020-11-06 15:40:00-05:00,2020-11-09 20:27:45.272000-05:00,2020-11-09 20:42:52.418000-05:00,2,,,,,,Control,937.138,86.5442,7.0,7.0,3.0,3.0,10.0,10.0,1.0,0.0,6.0,3.0,0.0,0.0,0.0,2.0,,,,,,9434788
PSAJ4YN,817859,2020-11-02 15:39:06.885000-05:00,2020-11-06 15:40:00-05:00,2020-11-04 16:52:38.601000-05:00,2020-11-04 16:53:03.997000-05:00,1,,,,,,Treatment,17.11,8.5515,2.0,2.0,,,2.0,2.0,0.0,0.0,2.0,0.0,0.0,0.0,0.0,1.0,,,,,,9161538
PSAJ4YN,821528,2020-11-02 15:39:06.885000-05:00,2020-11-06 15:40:00-05:00,2020-11-05 01:14:06.040000-05:00,2020-11-06 18:38:50.973000-05:00,9,,,,,,Control,245809.854,26527.28325,4.0,4.0,1.0,1.0,4.0,4.0,0.0,0.0,4.0,1.0,0.0,0.0,0.0,4.0,,,,,,9173537
PSAJ4YN,832239,2020-11-10 16:31:55.986000-05:00,2020-11-10 19:30:00-05:00,2020-11-19 23:52:46.540000-05:00,2020-11-19 23:53:15.058000-05:00,1,,,,,,Treatment,15.437,7.7155,2.0,2.0,,,2.0,2.0,0.0,0.0,2.0,0.0,0.0,0.0,0.0,1.0,,,,,,10128454
PSAJ4YN,832241,2020-11-10 16:31:55.986000-05:00,2020-11-10 19:30:00-05:00,2020-11-10 19:38:15.898000-05:00,2020-11-10 19:39:13.628000-05:00,1,,,,,,Treatment,29.268,14.6265,2.0,2.0,,,2.0,2.0,0.0,0.0,2.0,0.0,0.0,0.0,0.0,1.0,,,,,,9531133
PSAJ4YN,848381,2020-11-10 16:31:55.988000-05:00,2020-11-10 19:30:00-05:00,2020-12-13 16:05:36.925000-05:00,,1,,,,,,Treatment,,,1.0,,,,,0.0,0.0,0.0,1.0,0.0,0.0,0.0,0.0,1.0,,,,,,11166644
PSAJ4YN,850825,2020-11-02 15:39:06.885000-05:00,2020-11-06 15:40:00-05:00,2020-11-06 18:43:04.185000-05:00,,2,,,,,,Treatment,115.243,5.089,3.0,0.0,0.0,0.0,2.0,2.0,0.0,0.0,3.0,3.0,0.0,0.0,0.0,3.0,,,,,,9329813
PSAJ4YN,852199,2020-11-02 15:39:06.886000-05:00,2020-11-06 15:40:00-05:00,2020-11-05 16:20:08.102000-05:00,2020-11-05 18:22:50.083000-05:00,3,,,,,,Control,2122.43,150.081666666667,9.0,9.0,4.0,4.0,12.0,12.0,3.0,0.0,6.0,4.0,0.0,0.0,0.0,2.0,,,,,,9251381
PSAJ4YN,852972,2020-11-02 15:39:06.886000-05:00,2020-11-06 15:40:00-05:00,2020-11-16 10:26:27.057000-05:00,,4,,,,,,Treatment,6503.299,650.449,4.0,0.0,0.0,0.0,3.0,9.0,0.0,0.0,4.0,3.0,0.0,0.0,0.0,5.0,,,,,,9782731
PSAJ4YN,856252,2020-11-02 15:39:06.886000-05:00,2020-11-06 15:40:00-05:00,2020-11-16 15:18:37.628000-05:00,2020-11-16 15:19:42.018000-05:00,2,,,,,,Control,38.113,19.05,2.0,2.0,,,2.0,2.0,0.0,0.0,2.0,0.0,0.0,0.0,0.0,1.0,,,,,,9835151
PSAJ4YN,856381,2020-11-02 15:39:06.886000-05:00,2020-11-06 15:40:00-05:00,2020-11-05 11:28:35.995000-05:00,,2,,,,,,Treatment,537.882,74.713,5.0,0.0,0.0,0.0,3.0,3.0,0.0,0.0,5.0,5.0,0.0,0.0,0.0,2.0,,,,,,9203125
PSAJ4YN,856546,2020-11-02 15:39:06.885000-05:00,2020-11-06 15:40:00-05:00,2020-11-02 15:41:30.012000-05:00,,7,,,,,,Treatment,336657.617,1566.26585714286,8.0,2.0,1.0,1.0,6.0,10.0,2.0,0.0,6.0,4.0,0.0,0.0,1.0,4.0,,,,,,9009752
PSAJ4YN,856583,2020-11-02 15:39:06.885000-05:00,2020-11-06 15:40:00-05:00,2020-11-03 16:25:45.174000-05:00,2020-11-06 15:15:25.200000-05:00,2,,,,,,Control,254963.096,127481.5365,2.0,2.0,,,2.0,2.0,0.0,0.0,2.0,0.0,0.0,0.0,0.0,2.0,,,,,,9074169
PSAJ4YN,857428,2020-11-10 16:31:55.988000-05:00,2020-11-10 19:30:00-05:00,2020-11-10 16:41:08.630000-05:00,,4,,,,,,Treatment,1130447.795,18.9206666666667,3.0,0.0,0.0,0.0,3.0,4.0,0.0,0.0,3.0,3.0,0.0,0.0,0.0,2.0,,,,,,9523551
PSAJ4YN,859188,2020-11-02 15:39:06.886000-05:00,2020-11-06 15:40:00-05:00,2020-11-16 15:13:59.697000-05:00,2020-11-16 15:16:39.661000-05:00,1,,,,,,Treatment,146.058,73.024,2.0,2.0,,,2.0,2.0,0.0,0.0,2.0,0.0,0.0,0.0,0.0,1.0,,,,,,9834576
PSAJ4YN,859669,2020-11-02 15:39:06.886000-05:00,2020-11-06 15:40:00-05:00,2020-11-05 15:49:38.642000-05:00,,2,,,,,,Treatment,343079.959,38094.2525555556,10.0,0.0,0.0,0.0,8.0,16.0,4.0,0.0,6.0,6.0,0.0,0.0,3.0,2.0,,,,,,9248536
PSAJ4YN,863434,2020-11-02 15:39:06.886000-05:00,2020-11-06 15:40:00-05:00,2020-11-02 15:40:09.043000-05:00,,2,,,,,,Control,425.751,8.34228571428571,5.0,4.0,4.0,4.0,7.0,7.0,0.0,0.0,5.0,4.0,0.0,0.0,0.0,1.0,,,,,,9006247
PSAJ4YN,863630,2020-11-02 15:39:06.886000-05:00,2020-11-06 15:40:00-05:00,2020-11-05 10:13:18.663000-05:00,,5,,,,,,Treatment,,,1.0,,,,,0.0,0.0,0.0,1.0,0.0,0.0,0.0,0.0,1.0,,,,,,9189653
PSAJ4YN,866994,2020-11-02 15:39:06.886000-05:00,2020-11-06 15:40:00-05:00,2020-11-03 15:08:41.790000-05:00,,1,,,,,,Control,,,1.0,,,,,0.0,0.0,0.0,1.0,0.0,0.0,0.0,0.0,1.0,,,,,,9068619
PSAJ4YN,869663,2020-11-02 15:39:06.886000-05:00,2020-11-06 15:40:00-05:00,2020-11-04 15:05:44.621000-05:00,,1,,,,,,Treatment,63502.901,102.226,3.0,0.0,0.0,0.0,1.0,1.0,0.0,0.0,3.0,2.0,0.0,0.0,0.0,1.0,,,,,,9152430
PSAJ4YN,876380,2020-11-02 15:39:06.886000-05:00,2020-11-06 15:40:00-05:00,2020-11-04 15:38:05.414000-05:00,,5,,,,,,Control,707649.564,141519.559,4.0,3.0,2.0,2.0,5.0,5.0,0.0,0.0,4.0,2.0,0.0,0.0,0.0,2.0,,,,,,9155893
PSAJ4YN,877637,2020-11-02 15:39:06.886000-05:00,2020-11-06 15:40:00-05:00,2020-11-04 11:57:06.380000-05:00,,1,,,,,,Treatment,209.232,,2.0,0.0,,,0.0,0.0,0.0,0.0,2.0,1.0,0.0,0.0,0.0,1.0,,,,,,9121648
PSAJ4YN,878485,2020-11-02 15:39:06.886000-05:00,2020-11-06 15:40:00-05:00,2020-11-07 18:20:48.598000-05:00,2020-11-20 10:56:46.223000-05:00,8,,,,,,Treatment,1096513.761,120664.424428571,7.0,4.0,2.0,2.0,7.0,7.0,1.0,0.0,6.0,3.0,0.0,0.0,0.0,4.0,,,,,,9335887
PSAJ4YN,879589,2020-11-02 15:39:06.886000-05:00,2020-11-06 15:40:00-05:00,2020-11-06 10:37:47.128000-05:00,2020-11-13 14:05:06.942000-05:00,2,,,,,,Treatment,617190.041,308595.0015,2.0,2.0,,,2.0,2.0,0.0,0.0,2.0,0.0,0.0,0.0,0.0,2.0,,,,,,9284493
PSAJ4YN,885430,2020-11-02 15:39:06.886000-05:00,2020-11-06 15:40:00-05:00,2020-11-02 20:19:29.565000-05:00,2020-11-06 15:12:37.043000-05:00,6,,,,,,Control,239716.135,119858.057,2.0,2.0,,,2.0,2.0,0.0,0.0,2.0,0.0,0.0,0.0,0.0,2.0,,,,,,9019778
PSAJ4YN,887935,2020-11-02 15:39:06.886000-05:00,2020-11-06 15:40:00-05:00,2020-11-02 22:41:07.061000-05:00,2020-11-04 15:40:42.957000-05:00,5,,,,,,Control,148063.354,29506.1864,4.0,4.0,1.0,1.0,5.0,5.0,0.0,0.0,4.0,1.0,0.0,0.0,0.0,3.0,,,,,,9022341
PSAJ4YN,888070,2020-11-10 16:31:55.986000-05:00,2020-11-10 19:30:00-05:00,2020-11-19 12:19:36.233000-05:00,2020-11-19 12:22:00.686000-05:00,1,,,,,,Treatment,113.577,56.7845,2.0,2.0,,,2.0,2.0,0.0,0.0,2.0,0.0,0.0,0.0,0.0,1.0,,,,,,10079227
PSAJ4YN,910795,2020-12-09 07:00:00-05:00,2020-12-10 07:01:00-05:00,2020-12-09 07:08:59.314000-05:00,2020-12-09 07:11:25.029000-05:00,1,,,,,,Treatment,115.143,57.5705,2.0,2.0,,,2.0,2.0,0.0,0.0,2.0,0.0,0.0,0.0,0.0,1.0,,,,,,10939427
PSAJ4YN,911174,2020-12-09 07:00:00-05:00,2020-12-10 07:01:00-05:00,2020-12-09 07:57:27.486000-05:00,2020-12-09 08:35:25.894000-05:00,1,,,,,,Treatment,2115.134,99.1813529411765,18.0,10.0,5.0,2.0,17.0,21.0,12.0,0.0,6.0,4.0,0.0,0.0,4.0,1.0,,,,,,10939923
PSAJ4YN,911188,2020-12-09 07:00:00-05:00,2020-12-10 07:01:00-05:00,2020-12-09 08:06:16.808000-05:00,2020-12-09 12:03:52.737000-05:00,4,,,,,,Control,14285.999,1944.58571428571,6.0,6.0,3.0,3.0,7.0,7.0,0.0,0.0,6.0,3.0,0.0,0.0,0.0,3.0,,,,,,10940220
PSAJ4YN,911205,2020-12-09 07:00:00-05:00,2020-12-10 07:01:00-05:00,2020-12-09 10:34:54.264000-05:00,,1,,,,,,Control,,,1.0,,,,,0.0,0.0,0.0,1.0,0.0,0.0,0.0,0.0,1.0,,,,,,10957176
PSAJ4YN,911208,2020-12-09 07:00:00-05:00,2020-12-10 07:01:00-05:00,2020-12-09 07:54:33.849000-05:00,,1,,,,,,Control,169.066,18.098,1.0,1.0,1.0,1.0,1.0,1.0,0.0,0.0,1.0,1.0,0.0,0.0,0.0,1.0,,,,,,10939854
PSAJ4YN,911214,2020-12-09 07:00:00-05:00,2020-12-10 07:01:00-05:00,2020-12-14 23:11:37.935000-05:00,,2,,,,,,Control,229.392,16.165,3.0,2.0,2.0,2.0,3.0,3.0,0.0,0.0,3.0,2.0,0.0,0.0,0.0,2.0,,,,,,11247034
PSAJ4YN,911417,2020-12-09 07:00:00-05:00,2020-12-10 07:01:00-05:00,2020-12-09 09:00:46.571000-05:00,2020-12-09 09:02:52.680000-05:00,1,,,,,,Treatment,97.413,48.703,2.0,2.0,,,2.0,2.0,0.0,0.0,2.0,0.0,0.0,0.0,0.0,1.0,,,,,,10943701
PSAJ4YN,911670,2020-12-09 07:00:00-05:00,2020-12-10 07:01:00-05:00,2020-12-09 09:34:30.530000-05:00,2020-12-09 10:21:28.129000-05:00,1,,,,,,Treatment,1304.702,216.777,7.0,3.0,1.0,1.0,5.0,5.0,1.0,0.0,6.0,4.0,0.0,0.0,0.0,1.0,,,,,,10947817
PSAJ4YN,911800,2020-12-09 07:00:00-05:00,2020-12-10 07:01:00-05:00,2020-12-09 10:26:37.584000-05:00,2020-12-09 10:29:57.948000-05:00,1,,,,,,Control,162.408,81.1995,2.0,2.0,,,2.0,2.0,0.0,0.0,2.0,0.0,0.0,0.0,0.0,1.0,,,,,,10955767
PSAJ4YN,912235,2020-12-09 07:00:00-05:00,2020-12-10 07:01:00-05:00,2020-12-09 13:20:11.870000-05:00,2020-12-09 13:21:43.599000-05:00,1,,,,,,Control,66.143,33.068,2.0,2.0,,,2.0,2.0,0.0,0.0,2.0,0.0,0.0,0.0,0.0,1.0,,,,,,10983817
PSAJ4YN,912721,2020-12-09 07:00:00-05:00,2020-12-10 07:01:00-05:00,2020-12-10 09:39:57.886000-05:00,2020-12-10 09:56:55.822000-05:00,1,,,,,,Control,925.719,92.455,6.0,6.0,3.0,3.0,9.0,9.0,0.0,0.0,6.0,3.0,0.0,0.0,0.0,1.0,,,,,,11027507
PSAJ4YN,913435,2020-12-09 07:00:00-05:00,2020-12-10 07:01:00-05:00,2020-12-10 10:58:24.483000-05:00,,2,,,,,,Treatment,728.571,,3.0,0.0,0.0,0.0,0.0,0.0,0.0,0.0,3.0,2.0,0.0,0.0,0.0,2.0,,,,,,11039369
PSAJ4YN,914110,2020-12-09 07:00:00-05:00,2020-12-10 07:01:00-05:00,2020-12-09 23:05:31.211000-05:00,2020-12-09 23:10:01.363000-05:00,1,,,,,,Control,233.721,116.8575,2.0,2.0,,,2.0,2.0,0.0,0.0,2.0,0.0,0.0,0.0,0.0,1.0,,,,,,11016840
PSAJ4YN,914493,2020-12-09 07:00:00-05:00,2020-12-10 07:01:00-05:00,2020-12-10 10:27:27.186000-05:00,2020-12-10 10:44:01.413000-05:00,1,,,,,,Control,989.768,103.650625,6.0,6.0,3.0,3.0,8.0,8.0,0.0,0.0,6.0,3.0,0.0,0.0,0.0,1.0,,,,,,11034438
PSAJ4YN,914514,2020-12-09 07:00:00-05:00,2020-12-10 07:01:00-05:00,2020-12-10 03:19:54.803000-05:00,,1,,,,,,Treatment,255.349,,3.0,0.0,0.0,0.0,0.0,0.0,0.0,0.0,3.0,3.0,0.0,0.0,0.0,1.0,,,,,,11018316
PSAJ4YN,924506,2020-11-10 16:31:55.988000-05:00,2020-11-10 19:30:00-05:00,2020-11-16 15:20:52.926000-05:00,,1,,,,,,Treatment,12.727,6.358,3.0,2.0,,,2.0,2.0,0.0,0.0,3.0,0.0,0.0,0.0,0.0,1.0,,,,,,9835428
PSAJ4YN,947209,2020-12-09 07:00:00-05:00,2020-12-10 07:01:00-05:00,2020-12-09 07:34:50.037000-05:00,2020-12-09 07:36:42.435000-05:00,1,,,,,,Control,61.486,30.7385,2.0,2.0,,,2.0,2.0,0.0,0.0,2.0,0.0,0.0,0.0,0.0,1.0,,,,,,10939550
PSAJ4YN,947211,2020-12-09 07:00:00-05:00,2020-12-10 07:01:00-05:00,2020-12-09 07:49:06.621000-05:00,2020-12-09 08:08:20.184000-05:00,1,,,,,,Treatment,315.41,105.135333333333,3.0,3.0,,,3.0,3.0,0.0,0.0,3.0,0.0,0.0,0.0,0.0,1.0,,,,,,10939757
PSAJ4YN,947217,2020-12-09 07:00:00-05:00,2020-12-10 07:01:00-05:00,2020-12-09 08:05:08.151000-05:00,2020-12-09 08:23:05.134000-05:00,1,,,,,,Treatment,1011.278,125.958857142857,8.0,5.0,2.0,2.0,6.0,7.0,2.0,0.0,6.0,3.0,0.0,0.0,0.0,1.0,,,,,,10940176
PSAJ4YN,947308,2020-12-09 07:00:00-05:00,2020-12-10 07:01:00-05:00,2020-12-09 08:41:32.018000-05:00,2020-12-09 08:51:14.349000-05:00,2,,,,,,Treatment,470.9,65.2153333333333,6.0,5.0,1.0,1.0,6.0,7.0,0.0,0.0,6.0,1.0,0.0,0.0,0.0,2.0,,,,,,10942174
PSAJ4YN,947332,2020-12-09 07:00:00-05:00,2020-12-10 07:01:00-05:00,2020-12-09 08:55:56.869000-05:00,2020-12-09 10:30:05.080000-05:00,1,,,,,,Treatment,5597.958,902.938333333333,6.0,4.0,1.0,1.0,6.0,6.0,0.0,0.0,6.0,2.0,0.0,0.0,0.0,1.0,,,,,,10943312
PSAJ4YN,947568,2020-12-09 07:00:00-05:00,2020-12-10 07:01:00-05:00,2020-12-09 10:12:28.650000-05:00,2020-12-09 21:25:08.088000-05:00,2,,,,,,Control,264.666,49.244,4.0,4.0,1.0,1.0,4.0,5.0,0.0,0.0,4.0,1.0,0.0,0.0,0.0,1.0,,,,,,10953321
PSAJ4YN,947713,2020-12-09 07:00:00-05:00,2020-12-10 07:01:00-05:00,2020-12-09 11:03:00.318000-05:00,2020-12-09 11:11:00.982000-05:00,3,,,,,,Control,437.981,57.5001666666667,5.0,5.0,2.0,2.0,6.0,7.0,0.0,0.0,5.0,2.0,0.0,0.0,0.0,3.0,,,,,,10961724
PSAJ4YN,947775,2020-12-09 07:00:00-05:00,2020-12-10 07:01:00-05:00,2020-12-09 11:31:05.063000-05:00,2020-12-09 21:11:38.959000-05:00,2,,,,,,Treatment,34792.049,17396.0155,2.0,2.0,,,2.0,2.0,0.0,0.0,2.0,0.0,0.0,0.0,0.0,2.0,,,,,,10966474
PSAJ4YN,948102,2020-12-09 07:00:00-05:00,2020-12-10 07:01:00-05:00,2020-12-09 13:17:03.830000-05:00,2020-12-09 13:19:28.977000-05:00,1,,,,,,Control,113.223,56.61,2.0,2.0,,,2.0,2.0,0.0,0.0,2.0,0.0,0.0,0.0,0.0,1.0,,,,,,10983337
PSAJ4YN,948309,2020-12-09 07:00:00-05:00,2020-12-10 07:01:00-05:00,2020-12-09 14:20:22.174000-05:00,2020-12-09 14:25:42.469000-05:00,1,,,,,,Treatment,213.293,106.6405,2.0,2.0,,,2.0,2.0,0.0,0.0,2.0,0.0,0.0,0.0,0.0,1.0,,,,,,10992986
PSAJ4YN,948580,2020-12-09 07:00:00-05:00,2020-12-10 07:01:00-05:00,2020-12-09 17:22:39.462000-05:00,2020-12-09 17:30:34.325000-05:00,1,,,,,,Treatment,430.718,215.3545,2.0,2.0,,,2.0,2.0,0.0,0.0,2.0,0.0,0.0,0.0,0.0,1.0,,,,,,11008145
PSAJ4YN,948589,2020-12-09 07:00:00-05:00,2020-12-10 07:01:00-05:00,2020-12-09 17:58:47.758000-05:00,2020-12-09 17:59:23.035000-05:00,1,,,,,,Treatment,24.195,12.0955,2.0,2.0,,,2.0,2.0,0.0,0.0,2.0,0.0,0.0,0.0,0.0,1.0,,,,,,11009535
PSAJ4YN,948592,2020-12-09 07:00:00-05:00,2020-12-10 07:01:00-05:00,2020-12-09 18:00:58.190000-05:00,2020-12-09 18:01:18.658000-05:00,1,,,,,,Control,9.784,4.8905,2.0,2.0,,,2.0,2.0,0.0,0.0,2.0,0.0,0.0,0.0,0.0,1.0,,,,,,11009603
PSAJ4YN,948612,2020-12-09 07:00:00-05:00,2020-12-10 07:01:00-05:00,2020-12-09 18:57:15.094000-05:00,2020-12-09 19:25:40.209000-05:00,1,,,,,,Treatment,810.265,83.4306666666667,9.0,6.0,3.0,3.0,9.0,9.0,3.0,0.0,6.0,3.0,0.0,0.0,0.0,1.0,,,,,,11011433
PSAJ4YN,948636,2020-12-09 07:00:00-05:00,2020-12-10 07:01:00-05:00,2020-12-09 19:57:26.421000-05:00,2020-12-16 09:44:54.272000-05:00,3,,,,,,Treatment,589.887,294.9415,2.0,2.0,,,2.0,2.0,0.0,0.0,2.0,0.0,0.0,0.0,0.0,1.0,,,,,,11013134
PSAJ4YN,948639,2020-12-09 07:00:00-05:00,2020-12-10 07:01:00-05:00,2020-12-09 20:01:19.413000-05:00,2020-12-09 20:36:07.494000-05:00,1,,,,,,Treatment,1944.786,238.0345,7.0,4.0,2.0,2.0,6.0,6.0,1.0,0.0,6.0,3.0,0.0,0.0,0.0,1.0,,,,,,11013235
PSAJ4YN,948645,2020-12-09 07:00:00-05:00,2020-12-10 07:01:00-05:00,2020-12-09 20:11:38.750000-05:00,2020-12-09 20:45:12.375000-05:00,1,,,,,,Treatment,1212.944,606.4615,2.0,2.0,,,2.0,2.0,0.0,0.0,2.0,0.0,0.0,0.0,0.0,1.0,,,,,,11013512
PSAJ4YN,948658,2020-12-09 07:00:00-05:00,2020-12-10 07:01:00-05:00,2020-12-09 20:36:30.704000-05:00,2020-12-09 20:41:12.590000-05:00,1,,,,,,Control,244.512,122.253,2.0,2.0,,,2.0,2.0,0.0,0.0,2.0,0.0,0.0,0.0,0.0,1.0,,,,,,11014131
PSAJ4YN,948706,2020-12-09 07:00:00-05:00,2020-12-10 07:01:00-05:00,2020-12-10 03:38:16.687000-05:00,2020-12-10 03:41:07.944000-05:00,2,,,,,,Control,98.365,49.1625,2.0,2.0,,,2.0,2.0,0.0,0.0,2.0,0.0,0.0,0.0,0.0,1.0,,,,,,11018354
PSAJ4YN,948727,2020-12-09 07:00:00-05:00,2020-12-10 07:01:00-05:00,2020-12-10 19:53:07.661000-05:00,2020-12-10 19:57:16.643000-05:00,1,,,,,,Treatment,205.398,41.18375,4.0,3.0,1.0,1.0,4.0,4.0,0.0,0.0,4.0,1.0,0.0,0.0,0.0,1.0,,,,,,11095057
PSAJ4YN,948730,2020-12-09 07:00:00-05:00,2020-12-10 07:01:00-05:00,2020-12-10 07:45:44.135000-05:00,,2,,,,,,Treatment,401.739,,2.0,0.0,,,0.0,0.0,0.0,0.0,2.0,1.0,0.0,0.0,0.0,2.0,,,,,,11019032
PSAJ4YN,948733,2020-12-09 07:00:00-05:00,2020-12-10 07:01:00-05:00,2020-12-10 08:06:54.945000-05:00,2020-12-10 08:22:40.676000-05:00,1,,,,,,Treatment,893.653,66.6738571428571,8.0,5.0,3.0,3.0,7.0,7.0,2.0,0.0,6.0,3.0,0.0,0.0,0.0,1.0,,,,,,11019560
PSAJ4YN,948774,2020-12-09 07:00:00-05:00,2020-12-10 07:01:00-05:00,2020-12-10 08:42:23.023000-05:00,2020-12-10 08:52:50.802000-05:00,1,,,,,,Treatment,554.889,110.9054,5.0,3.0,1.0,1.0,3.0,5.0,0.0,0.0,5.0,2.0,0.0,0.0,0.0,1.0,,,,,,11021296
PSAJ4YN,948791,2020-12-09 07:00:00-05:00,2020-12-10 07:01:00-05:00,2020-12-10 08:58:49.449000-05:00,2020-12-11 14:41:17.996000-05:00,2,,,,,,Treatment,106854.056,26677.6465,5.0,3.0,1.0,1.0,4.0,4.0,0.0,0.0,5.0,2.0,0.0,0.0,0.0,2.0,,,,,,11022511
PSAJ4YN,948949,2020-12-09 07:00:00-05:00,2020-12-10 07:01:00-05:00,2020-12-10 10:15:40.906000-05:00,2020-12-10 10:24:26.625000-05:00,7,,,,,,Control,96.459,48.226,2.0,2.0,,,2.0,2.0,0.0,0.0,2.0,0.0,0.0,0.0,0.0,1.0,,,,,,11032753
PSAJ4YN,948968,2020-12-09 07:00:00-05:00,2020-12-10 07:01:00-05:00,2020-12-10 10:30:05.369000-05:00,,1,,,,,,Not Assigned,,,,,,,,,,,,,,,,,,,,,,11034818
PSAJ4YN,949223,2020-12-09 07:00:00-05:00,2020-12-10 07:01:00-05:00,2020-12-10 12:07:31.765000-05:00,,1,,,,,,Control,182.116,66.4405,2.0,1.0,1.0,1.0,2.0,5.0,0.0,0.0,2.0,2.0,0.0,0.0,0.0,1.0,,,,,,11051303
PSAJ4YN,952445,2020-12-09 07:00:00-05:00,2020-12-10 07:01:00-05:00,2020-12-14 21:18:25.226000-05:00,,1,,,,,,Control,40.714,3.3165,3.0,0.0,0.0,0.0,0.0,2.0,0.0,0.0,3.0,2.0,0.0,0.0,2.0,1.0,,,,,,11245362
PSAJ4YN,955527,2020-12-09 07:00:00-05:00,2020-12-10 07:01:00-05:00,2020-12-17 20:22:42.348000-05:00,2020-12-17 20:28:04.985000-05:00,3,,,,,,Control,277.988,138.987,2.0,2.0,,,2.0,2.0,0.0,0.0,2.0,0.0,0.0,0.0,0.0,2.0,,,,,,11429953
PSAJ4YN,966244,2020-12-09 07:00:00-05:00,2020-12-10 07:01:00-05:00,2021-01-11 16:05:37.287000-05:00,,4,,,,,,Treatment,,,1.0,,,,,0.0,0.0,0.0,1.0,0.0,0.0,0.0,0.0,1.0,,,,,,11920303
PSAJ4YN,972146,2021-02-03 20:10:00-05:00,2021-02-10 20:12:00-05:00,2021-02-15 06:52:29.494000-05:00,2021-02-15 07:33:46.914000-05:00,2,,,,,,Control,2405.061,801.679333333333,3.0,3.0,,,3.0,3.0,0.0,0.0,3.0,0.0,0.0,0.0,0.0,2.0,,,,,,13492592
