model,ref_estimator,dataset,t0,horizon,subgroup,action,ref_mu_0,ref_mu_1,ref_mu_2,ref_mu_3,ref_mu_4,ref_mu_5,ref_ci_low_0,ref_ci_low_1,ref_ci_low_2,ref_ci_low_3,ref_ci_low_4,ref_ci_low_5,ref_ci_high_0,ref_ci_high_1,ref_ci_high_2,ref_ci_high_3,ref_ci_high_4,ref_ci_high_5,gen_mu_0,gen_mu_1,gen_mu_2,gen_mu_3,gen_mu_4,gen_mu_5,gen_std_0,gen_std_1,gen_std_2,gen_std_3,gen_std_4,gen_std_5,n_effective
scm,gformula,oulad,0,5,all,0,0.5369147062301636,0.5486555099487305,0.5557735562324524,0.5598600506782532,0.5620762705802917,0.5631988644599915,0.536817193031311,0.5485236048698425,0.5555970668792725,0.5596902370452881,0.5619158744812012,0.5630496144294739,0.537002444267273,0.5487863421440125,0.555948793888092,0.5600244998931885,0.562225878238678,0.5633725523948669,0.9842002822551329,0.9850246718074592,0.9848980542174643,0.9776598859783266,0.9848735174435651,0.9853883027510342,2.220446049250313e-16,2.656627506220638e-06,4.55475002348636e-06,1.0671926672562845e-05,2.4596119128590455e-05,2.1965216453565897e-05,4233
scm,gformula,oulad,0,5,all,1,0.5367085933685303,0.5483602285385132,0.5555441379547119,0.5596635937690735,0.5619645118713379,0.5632087588310242,0.5366101861000061,0.5482226610183716,0.5553962588310242,0.5594906210899353,0.5617846250534058,0.5630305409431458,0.5368110537528992,0.5484883785247803,0.5557259917259216,0.5598404407501221,0.5621891617774963,0.5633941888809204,0.984129728759515,0.9853722506758735,0.985274600105423,0.9781827812168598,0.9853114949520467,0.985662336632652,1.1102230246251565e-16,1.6883241261589983e-06,2.5164756110696694e-06,5.5651077628525474e-06,1.50105534691846e-05,2.220397542019301e-05,4233
scm,gformula,oulad,0,5,low,0,0.5367197394371033,0.548235297203064,0.5551391839981079,0.5591114163398743,0.5613002181053162,0.5623008608818054,0.5365864634513855,0.5480539202690125,0.5549459457397461,0.5588709115982056,0.5610561966896057,0.5620577931404114,0.5368505120277405,0.5484178066253662,0.5553333759307861,0.5593196749687195,0.5615559220314026,0.5625178813934326,0.984389008765087,0.9849821628723493,0.985009987165037,0.976468108991782,0.9849474106478333,0.985324517394176,2.220446049250313e-16,4.18325713520654e-06,7.49031946633869e-06,1.6477868320287256e-05,3.488599232281692e-05,3.3432034603307274e-05,2315
scm,gformula,oulad,0,5,low,1,0.5366200804710388,0.5479390025138855,0.5549411177635193,0.5589525103569031,0.5611820220947266,0.5621397495269775,0.5364626049995422,0.5477709770202637,0.5546996593475342,0.558711588382721,0.5609803199768066,0.5619046688079834,0.5367643237113953,0.5481087565422058,0.5551427006721497,0.559188961982727,0.5614110827445984,0.5623679161071777,0.9843193700195132,0.9853360180875397,0.9853899954732499,0.9770114082405825,0.9853864291073678,0.9856113864470366,1.1102230246251565e-16,1.9826294244841673e-06,3.182787356570607e-06,9.285800486929399e-06,1.5364230117533865e-05,2.1984670443806376e-05,2315
scm,gformula,oulad,0,5,high,0,0.5371906161308289,0.5491642951965332,0.556525707244873,0.5607037544250488,0.5631361603736877,0.5644215941429138,0.5370548963546753,0.5489294528961182,0.5563315749168396,0.5604954957962036,0.5629084706306458,0.5641781091690063,0.5373390316963196,0.5493914484977722,0.5567260980606079,0.5609601140022278,0.563399076461792,0.5646694302558899,0.9839724919159544,0.9850741137786378,0.9847612420790387,0.9790967590591757,0.9847774943314175,0.9854681265632221,0.0,3.716755813569032e-06,7.629099425191831e-06,1.6081125440187708e-05,2.3797778824750178e-05,4.2611044752545564e-05,1918
scm,gformula,oulad,0,5,high,1,0.537115752696991,0.5489811301231384,0.5562779903411865,0.5604252815246582,0.5628831386566162,0.564304530620575,0.5369758009910583,0.5487930774688721,0.5560609698295593,0.5601658225059509,0.5626214742660522,0.564058780670166,0.537256121635437,0.5491592288017273,0.5565477609634399,0.560653567314148,0.5631177425384521,0.564570963382721,0.9839008343294339,0.985414351010161,0.985136967881877,0.9795783133085287,0.9852240667577586,0.9857249442171208,2.220446049250313e-16,2.67154082973212e-06,3.9312611124620534e-06,9.239835452095441e-06,2.5916733459111443e-05,5.264621509969447e-05,1918
scm,gformula,oulad,5,5,all,0,0.5650885105133057,0.5652503967285156,0.5649064183235168,0.564704418182373,0.5643205046653748,0.5641047358512878,0.5649226903915405,0.565065860748291,0.5647077560424805,0.5645456314086914,0.5641257166862488,0.5639238357543945,0.5652639269828796,0.5654265284538269,0.5650995373725891,0.5648956894874573,0.5644924640655518,0.56427001953125,0.9856033010859353,0.9854615415580013,0.9859794118070353,0.9857664877070118,0.9852307486387349,0.9856823077147572,3.0478837574494043e-05,4.704335744866387e-06,1.3372647266487934e-05,6.2460183211989145e-06,5.797783835744988e-06,5.524204338438018e-05,4233
scm,gformula,oulad,5,5,all,1,0.5644256472587585,0.5645462274551392,0.5645034909248352,0.5644603967666626,0.564077615737915,0.5640391111373901,0.5642380118370056,0.5643594861030579,0.5643026828765869,0.5643061399459839,0.5638977885246277,0.5638563632965088,0.5646044015884399,0.5647369027137756,0.5646743178367615,0.56462562084198,0.5642406344413757,0.5641926527023315,0.9855527218335712,0.9856188939115581,0.9860133184309691,0.9857940745308198,0.9852301101657664,0.9857026539146432,1.9383455447525103e-05,2.48429326406736e-06,1.7312483768934013e-05,4.4012089966782755e-06,5.233097379091051e-06,1.5447227919697072e-05,4233
scm,gformula,oulad,5,5,low,0,0.5639693737030029,0.564058244228363,0.5638020038604736,0.5638631582260132,0.5633705854415894,0.5631023049354553,0.56373530626297,0.5638117790222168,0.5635393261909485,0.5636547803878784,0.5631727576255798,0.5629033446311951,0.564211368560791,0.5643380880355835,0.564026415348053,0.5640654563903809,0.5635823011398315,0.5633201599121094,0.9855558823156871,0.9851561257399786,0.9860165584771801,0.9856401152448168,0.9848917356105684,0.9858479772134489,2.436650916407334e-05,5.928431446022642e-06,2.4744477016765086e-05,7.1226276243005184e-06,6.627811460789358e-06,1.4889026864543971e-05,2315
scm,gformula,oulad,5,5,low,1,0.5632783770561218,0.5636369585990906,0.5635808706283569,0.5634215474128723,0.5630921721458435,0.563054621219635,0.563034176826477,0.5633920431137085,0.5633531212806702,0.5631974339485168,0.5628726482391357,0.5628239512443542,0.5635263323783875,0.5638915300369263,0.5638350248336792,0.5636880397796631,0.5633089542388916,0.5632666945457458,0.9854941822069574,0.9853191240924651,0.9860590620751193,0.9856668100770019,0.9848914040944547,0.985859142122312,2.0048551559862563e-05,4.765542538699936e-06,8.820732790231307e-06,5.958676689711333e-06,7.597855171474305e-06,2.416015563506995e-05,2315
scm,gformula,oulad,5,5,high,0,0.5662128925323486,0.5663304328918457,0.5660980343818665,0.5657953023910522,0.5655895471572876,0.5653097033500671,0.565956175327301,0.5660833716392517,0.5658454895019531,0.5654823780059814,0.5653433203697205,0.5650742053985596,0.5665031671524048,0.5665820240974426,0.56632399559021,0.566061794757843,0.5658477544784546,0.565566897392273,0.9856859494412726,0.9858026635021935,0.9859398501524964,0.9859046868334108,0.9855905125370843,0.9855075626250578,4.7469061186971684e-05,5.555416718669501e-06,7.5574760915166205e-06,5.989577376425202e-06,7.954508398420478e-06,0.00010160136138222448,1918
scm,gformula,oulad,5,5,high,1,0.565610408782959,0.5657353401184082,0.5657669305801392,0.5655803680419922,0.5653181076049805,0.5651829838752747,0.5653181672096252,0.5654861927032471,0.565494954586029,0.5653319954872131,0.5650596618652344,0.5649330019950867,0.5658901929855347,0.5659744739532471,0.5660682320594788,0.5658499002456665,0.5655575394630432,0.5654622912406921,0.9856169811983232,0.985952422683758,0.9859723252165746,0.9859308338001466,0.9855893515501009,0.9855402356074524,3.117227140892034e-05,3.3253644173027465e-06,1.1896850130654286e-05,7.5276401110876654e-06,6.526009499573392e-06,1.9444666938546865e-05,1918
scm,gformula,oulad,10,5,all,0,0.5638561844825745,0.563723623752594,0.5632681250572205,0.5629100799560547,0.5627151727676392,0.5626683235168457,0.5636723637580872,0.5635456442832947,0.5631014108657837,0.5627625584602356,0.5625813603401184,0.5625292062759399,0.5640662908554077,0.5639194250106812,0.5634210705757141,0.5630712509155273,0.5628889203071594,0.562812328338623,0.9857367967791983,0.984430694184631,0.9829556645143148,0.9847519382834434,,,1.1280226213121201e-05,0.0001271544263422021,0.00041537570130821403,0.0002852968272394323,,,4233
scm,gformula,oulad,10,5,all,1,0.5634106993675232,0.5633652210235596,0.5629767775535583,0.5628941655158997,0.5626873970031738,0.5625743269920349,0.5632251501083374,0.5631760358810425,0.5628212690353394,0.5627729892730713,0.5625471472740173,0.5624274611473083,0.5636088848114014,0.563545823097229,0.5631408095359802,0.5630350708961487,0.5628291964530945,0.5627179145812988,0.9856757243583493,0.9859074381637342,0.9836228384534913,0.9846724554151297,,,1.6768732524367068e-05,2.885071809439285e-05,0.00025018872540240463,0.000271406468027997,,,4233
scm,gformula,oulad,10,5,low,0,0.562859833240509,0.562744677066803,0.5623394250869751,0.5621011257171631,0.5619645714759827,0.5619581937789917,0.5626214742660522,0.5624949336051941,0.5621398687362671,0.5618848204612732,0.5617907643318176,0.5617896318435669,0.5630971193313599,0.5629841685295105,0.5625317096710205,0.5622816681861877,0.5621623396873474,0.5621376037597656,0.985893506851621,0.9844239474673356,0.9836767727775234,0.9851900302938053,,,1.1207340068702964e-05,0.00023522947452276385,0.0005905847612629483,0.00019416655624377815,,,2315
scm,gformula,oulad,10,5,low,1,0.5623170137405396,0.5625033974647522,0.5620629191398621,0.5619891881942749,0.5619082450866699,0.561758279800415,0.5620458722114563,0.5622349381446838,0.5618422031402588,0.5617933869361877,0.5617051720619202,0.5615741610527039,0.5626218914985657,0.5627531409263611,0.5622786283493042,0.5621529817581177,0.5621020793914795,0.56194669008255,0.985834561738543,0.9860791699894305,0.9846908941864967,0.9849005904935655,,,1.2600403666989285e-05,2.043721728683825e-05,0.0002735568729641161,0.00023578176544686676,,,2315
scm,gformula,oulad,10,5,high,0,0.5651327967643738,0.564795196056366,0.564276933670044,0.5639761686325073,0.5639181137084961,0.5636390447616577,0.5648329854011536,0.5645273923873901,0.5640454888343811,0.563778817653656,0.5637162327766418,0.563419759273529,0.5654699206352234,0.5650883316993713,0.5645233392715454,0.5641856789588928,0.5641204714775085,0.5638220906257629,0.9855734229720886,0.9843847209700136,0.9819760839144388,0.984488311174669,,,4.326781838798492e-05,0.0002205754825146547,0.00038663428104976583,0.000322850025854904,,,1918
scm,gformula,oulad,10,5,high,1,0.5648612976074219,0.5645629167556763,0.5641077756881714,0.5640144944190979,0.5637882947921753,0.5636569857597351,0.5645266771316528,0.5643104910850525,0.5638623833656311,0.5638223886489868,0.5635932683944702,0.5634562969207764,0.5651686787605286,0.5648438334465027,0.5643888711929321,0.5642339587211609,0.5640156269073486,0.563847541809082,0.9855091467402339,0.9857321376797408,0.982331488662296,0.9844728677680619,,,2.774869732433015e-05,1.1151909962665496e-05,0.0001678889988397027,0.0003696044992633407,,,1918
rcgan,gformula,oulad,0,5,all,0,0.5368789434432983,0.5486356616020203,0.555726945400238,0.5598534941673279,0.5621019005775452,0.5632979869842529,0.5367775559425354,0.5485166907310486,0.5555808544158936,0.5596719980239868,0.5619319081306458,0.5631259679794312,0.5369665026664734,0.5487557649612427,0.5558752417564392,0.5600163340568542,0.5622453689575195,0.5634717345237732,0.9881879593368232,0.9881859302471468,0.9316193545595322,0.9900983700928526,0.9883622656570241,0.9900957753940187,2.6461840400514044e-05,1.9314222446683884e-05,1.8682571770167787e-05,7.6090974704965824e-06,5.98293443663443e-05,1.1530258043665227e-05,4233
rcgan,gformula,oulad,0,5,all,1,0.5366880297660828,0.5483238697052002,0.5554925799369812,0.5596910119056702,0.561907172203064,0.563063383102417,0.5365824699401855,0.5481812953948975,0.5553303956985474,0.5595250129699707,0.5617291927337646,0.5628799200057983,0.5367929339408875,0.5484538674354553,0.5556469559669495,0.5598316788673401,0.5620856285095215,0.5632473826408386,0.9908755544670755,0.9875891313805187,0.9316791505362131,0.9899795618057861,0.9870109634610209,0.9900021765243123,1.466509864212545e-05,2.5575675728863484e-05,4.528487782184572e-05,1.3356106619639025e-05,0.00016422962837235825,1.0657094461164493e-05,4233
rcgan,gformula,oulad,0,5,low,0,0.536651611328125,0.5481402277946472,0.555162250995636,0.5591120719909668,0.5612820982933044,0.5622389316558838,0.536534309387207,0.5479689240455627,0.5549862384796143,0.5588924884796143,0.5610260963439941,0.5620101690292358,0.5367811322212219,0.5483091473579407,0.5553618669509888,0.5593405961990356,0.561519205570221,0.5624806880950928,0.9881560109423768,0.9883694492998185,0.9369459375154164,0.9900416253724007,0.9881210837097448,0.9901207869563897,3.94136851762071e-05,2.4752011856744508e-05,3.351499285379192e-05,1.2295498344170283e-05,0.0001964154752553415,1.609612984958415e-05,2315
rcgan,gformula,oulad,0,5,low,1,0.536545991897583,0.5479542016983032,0.5550144910812378,0.5589399933815002,0.5609534978866577,0.5622372627258301,0.5364217758178711,0.5477718114852905,0.5548175573348999,0.558701753616333,0.5607005953788757,0.5620193481445312,0.5366756916046143,0.5481451749801636,0.5552263259887695,0.559153139591217,0.5611774325370789,0.5624507665634155,0.9909410192500439,0.9877254889425912,0.9370460681666468,0.9899822748476911,0.9866776230234624,0.9900637592372256,2.1423995022591205e-05,2.3053885904521018e-05,3.407149317600039e-05,1.5491305637130914e-05,0.0002643342251741006,1.8379250010098884e-05,2315
rcgan,gformula,oulad,0,5,high,0,0.5372845530509949,0.5491054058074951,0.5564160346984863,0.5608800649642944,0.5631424784660339,0.5643136501312256,0.5371541976928711,0.548926055431366,0.5562126636505127,0.5606755614280701,0.5628494620323181,0.5640873908996582,0.5374126434326172,0.549314022064209,0.5566157698631287,0.5610740780830383,0.5633851885795593,0.5645533204078674,0.988198776608401,0.9879784791915833,0.9251854639577101,0.9901439197365656,0.9886095921726733,0.9900678734455548,3.8796600159666585e-05,3.0878894277400075e-05,1.8114418542455834e-05,1.3859871362386809e-05,8.755233999122085e-05,1.4098159572788393e-05,1918
rcgan,gformula,oulad,0,5,high,1,0.5369076728820801,0.5489645600318909,0.5562360286712646,0.5605550408363342,0.563044011592865,0.5642170906066895,0.536739706993103,0.5487701892852783,0.5559525489807129,0.5603206157684326,0.562772810459137,0.5639663934707642,0.5370636582374573,0.549169659614563,0.5564777255058289,0.5608124732971191,0.5633219480514526,0.5645124316215515,0.9907820681368346,0.9874343884935964,0.9251744266508011,0.9899661649221645,0.9874514583629495,0.9899292225336292,2.5804858578089025e-05,2.638813014621343e-05,2.173237725581095e-05,1.79058789496617e-05,0.00016679426233352201,2.4741038380437757e-05,1918
rcgan,gformula,oulad,5,5,all,0,0.5650676488876343,0.5651691555976868,0.5649409294128418,0.5647434592247009,0.5643382668495178,0.5641617178916931,0.5649063587188721,0.5650032758712769,0.564782977104187,0.5645524859428406,0.5641618371009827,0.5639698505401611,0.5652536749839783,0.5653567314147949,0.5651015043258667,0.5649362206459045,0.5645229816436768,0.5643399953842163,0.989315940262458,0.9899152720527715,0.9898634700350939,0.9899153563827655,0.9900721752957505,0.9898728028758541,1.1433645266184844e-05,1.7700954233795587e-05,1.2588118480963198e-05,1.4441935226984771e-05,2.0059788323852e-05,1.8156992730985494e-05,4233
rcgan,gformula,oulad,5,5,all,1,0.5642815828323364,0.5646829605102539,0.5644485354423523,0.5644278526306152,0.5641995668411255,0.5638762712478638,0.5640705823898315,0.5645092129707336,0.5642675757408142,0.5642598867416382,0.5640349984169006,0.563700258731842,0.5644568204879761,0.5648553967475891,0.5646274089813232,0.564648449420929,0.564397394657135,0.5640395879745483,0.9902831807637063,0.9898760641865879,0.9898974817710527,0.9898853840127249,0.9900298493342264,0.9898295412585723,1.0593228687332231e-05,1.3778758740726739e-05,1.0722548722389107e-05,9.669143524267627e-06,1.3886240149334247e-05,1.753060640635233e-05,4233
rcgan,gformula,oulad,5,5,low,0,0.5640360116958618,0.5641707181930542,0.5640066266059875,0.5636593699455261,0.5632469058036804,0.5631991028785706,0.5637867450714111,0.5639498829841614,0.56378173828125,0.5634014010429382,0.5629909038543701,0.562992513179779,0.5642707347869873,0.5643938183784485,0.5642638802528381,0.5639139413833618,0.5634620189666748,0.5634145736694336,0.9893643668348359,0.9899240055568702,0.9898522321208905,0.9899454192921038,0.9900540832355718,0.9899598498809012,1.4566275813800616e-05,9.069218439445285e-05,1.559699015481324e-05,1.8049842357664144e-05,1.6176060937122992e-05,1.9055605333497276e-05,2315
rcgan,gformula,oulad,5,5,low,1,0.563473641872406,0.5634691119194031,0.5635462999343872,0.5636211633682251,0.5632071495056152,0.5630424618721008,0.5632056593894958,0.5632429122924805,0.5633418560028076,0.5633973479270935,0.5629751682281494,0.5628307461738586,0.5637140870094299,0.5637200474739075,0.5637865662574768,0.5638552904129028,0.563427746295929,0.563242495059967,0.9904053249820167,0.989909566270524,0.9898971670467211,0.9899203510876375,0.9900105803292221,0.989912803970795,1.1719367529241818e-05,1.7954451369740505e-05,1.7687878492773682e-05,1.9902497641160603e-05,1.848455962194861e-05,1.9510346878983485e-05,2315
rcgan,gformula,oulad,5,5,high,0,0.566322386264801,0.5664563179016113,0.5662587881088257,0.5659805536270142,0.5655224323272705,0.5652714967727661,0.5660489201545715,0.5661879777908325,0.5659775733947754,0.5657074451446533,0.5652487277984619,0.5650268197059631,0.5666139125823975,0.5667427778244019,0.5665267109870911,0.5662749409675598,0.5657994151115417,0.5655215382575989,0.9892631860762451,0.9898703570303418,0.9898894555208436,0.9898859853566826,0.9901110223535078,0.9897941965975015,1.2728292274000262e-05,3.382991980357374e-05,1.644663153638095e-05,1.4890068121823652e-05,1.3909941142387776e-05,1.755926360194831e-05,1918
rcgan,gformula,oulad,5,5,high,1,0.5655624270439148,0.5658037662506104,0.5658161640167236,0.565548300743103,0.5654307007789612,0.5651736259460449,0.5653119087219238,0.5655451416969299,0.5655837655067444,0.565271258354187,0.5651837587356567,0.5649304389953613,0.5657884478569031,0.5660827159881592,0.5660944581031799,0.5657857060432434,0.5657004714012146,0.5654208064079285,0.9901520611201127,0.9898462403108995,0.9899083336912486,0.9898590006359536,0.9900568886271005,0.9897359899446077,1.2802152307103831e-05,2.2646967370151556e-05,1.924850658505858e-05,1.667409785851694e-05,2.297124038304103e-05,1.9523556869526175e-05,1918
rcgan,gformula,oulad,10,5,all,0,0.5638486742973328,0.5637478232383728,0.5631876587867737,0.5629081130027771,0.5627723336219788,0.562656044960022,0.5636606812477112,0.5635859370231628,0.5630103945732117,0.5627726316452026,0.5626409649848938,0.5625196695327759,0.5640597939491272,0.5639339089393616,0.5633389353752136,0.5630497336387634,0.562906801700592,0.5627891421318054,0.9893111340315601,0.9898358980515034,0.9893879330099218,0.9896727224811912,,,1.5092897960390287e-05,2.5621207016305222e-05,5.245629355075535e-05,5.8317494803166265e-05,,,4233
rcgan,gformula,oulad,10,5,all,1,0.5633625984191895,0.5635631680488586,0.5630726218223572,0.5627048015594482,0.5626647472381592,0.5625515580177307,0.5631806254386902,0.5633693337440491,0.5629339218139648,0.5625447034835815,0.5625277161598206,0.5624024868011475,0.5635722279548645,0.5637381076812744,0.5632110238075256,0.5628965497016907,0.5627849102020264,0.5626934170722961,0.9896347113269466,0.9899799536342933,0.9893925928833462,0.9895667953416704,,,1.7188288453734174e-05,1.8236467187667468e-05,7.020002844332308e-05,7.349178332013619e-05,,,4233
rcgan,gformula,oulad,10,5,low,0,0.5628559589385986,0.5628854632377625,0.5624017119407654,0.5621272921562195,0.5618427395820618,0.5618603229522705,0.562596321105957,0.5626477599143982,0.5621963143348694,0.5619432926177979,0.5616775751113892,0.5616965889930725,0.5630965232849121,0.5630891919136047,0.5626590847969055,0.5623043775558472,0.5619959831237793,0.5620583891868591,0.9893890268898081,0.9899409600533545,0.990010985891734,0.9896205471385094,,,2.3910149563087385e-05,2.3364603903711196e-05,8.097728083207886e-05,5.858749273360634e-05,,,2315
rcgan,gformula,oulad,10,5,low,1,0.5623882412910461,0.5624940991401672,0.562034547328949,0.5618348121643066,0.5618016123771667,0.5618102550506592,0.5621625781059265,0.5622483491897583,0.5618457794189453,0.5616533160209656,0.561603844165802,0.5615955591201782,0.5626580119132996,0.562711238861084,0.5622849464416504,0.5620355606079102,0.5620134472846985,0.5619987845420837,0.9898057058543597,0.9900799493305387,0.9900286548904009,0.9895313033035821,,,2.025936910124937e-05,2.5641129515691897e-05,8.467092020268915e-05,0.00011113154248890249,,,2315
rcgan,gformula,oulad,10,5,high,0,0.5650439858436584,0.5649546980857849,0.5640885233879089,0.5639330148696899,0.563822865486145,0.56363844871521,0.5647135972976685,0.5646599531173706,0.5638301968574524,0.5637214183807373,0.5636231899261475,0.5634512305259705,0.5653771162033081,0.5652554631233215,0.5643398761749268,0.5641695857048035,0.5640638470649719,0.5638406872749329,0.9892276202590248,0.9897058681553117,0.9885873449511001,0.989737768000678,,,2.5225981756064326e-05,2.8802290876301662e-05,0.00012797711955646652,0.00010003405981234517,,,1918
rcgan,gformula,oulad,10,5,high,1,0.5648958086967468,0.5645873546600342,0.5641896724700928,0.5638644695281982,0.5636834502220154,0.5636407732963562,0.5645853281021118,0.5643098950386047,0.5639218091964722,0.5636413097381592,0.5634561777114868,0.5634632110595703,0.5652034282684326,0.5648767948150635,0.5644335150718689,0.5640674829483032,0.5639185309410095,0.5638518929481506,0.9894635230302808,0.9898441299600551,0.9886375991503396,0.9896730490420993,,,2.490726819528209e-05,2.6282380446867935e-05,8.220252873559164e-05,7.637258503428728e-05,,,1918
vae,gformula,oulad,0,5,all,0,0.536902666091919,0.5486131906509399,0.5557405948638916,0.5598626136779785,0.5620431900024414,0.5632270574569702,0.5368096828460693,0.548474133014679,0.555582582950592,0.5596966743469238,0.5618799328804016,0.5630406141281128,0.537001371383667,0.5487556457519531,0.5559033751487732,0.5600350499153137,0.5622204542160034,0.5634026527404785,0.947420607508241,0.9775752123284661,0.9640195893499092,0.9577074476744313,0.9491476723017888,0.949937957636163,0.0019462608568647437,0.0011650830795413918,0.0012831894085074584,0.001242820602308807,0.0013817057127461134,0.0017124764116187112,4233
vae,gformula,oulad,0,5,all,1,0.5367487668991089,0.5483177304267883,0.555553138256073,0.5595820546150208,0.5618532299995422,0.5631319880485535,0.53665691614151,0.5481639504432678,0.555402934551239,0.5594065189361572,0.5616539120674133,0.5629678964614868,0.5368315577507019,0.5484423637390137,0.5557194352149963,0.5597522258758545,0.5620275139808655,0.5632926225662231,0.9703216697624674,0.9807838701401694,0.9716224016160997,0.9611134188675223,0.9523969345296699,0.9527457046237618,0.0010901854897296085,0.0009760933621740936,0.0011154229834798271,0.0015425526958739019,0.0021293382290818335,0.0021117701101340544,4233
vae,gformula,oulad,0,5,low,0,0.5366787314414978,0.5481600761413574,0.5550884008407593,0.5590958595275879,0.5611702799797058,0.5622168779373169,0.5365493893623352,0.5479545593261719,0.5548892617225647,0.5588072538375854,0.5609289407730103,0.5619691610336304,0.53680419921875,0.5483227372169495,0.555297315120697,0.5593005418777466,0.5614051222801208,0.562446653842926,0.9493722002522832,0.9784238928492879,0.9642883695345011,0.9584942176910074,0.9487061397804943,0.9492293628722308,0.0020417989197294025,0.0012854795348690806,0.002037282498460439,0.002161386363563669,0.0022194935294222984,0.00180160279203907,2315
vae,gformula,oulad,0,5,low,1,0.5365252494812012,0.5477798581123352,0.5549042224884033,0.5589556097984314,0.5611734986305237,0.5622656345367432,0.536385178565979,0.5475826263427734,0.554699718952179,0.558709979057312,0.5609498023986816,0.5620585083961487,0.5366637706756592,0.5479612350463867,0.5551379919052124,0.5591643452644348,0.5614348649978638,0.5625222325325012,0.9717063761964342,0.9812846376922295,0.971368272789064,0.9610725479454082,0.9511959099396444,0.9512019049675986,0.0013121771303241103,0.0013875800874724718,0.0016279534973654736,0.0021646026124983184,0.0025760975282155775,0.003328850421014532,2315
vae,gformula,oulad,0,5,high,0,0.5372135043144226,0.5493195056915283,0.5566322207450867,0.5608214735984802,0.56321781873703,0.5643404126167297,0.5370531678199768,0.5491352677345276,0.5563929080963135,0.5605512261390686,0.5629550814628601,0.5640605092048645,0.5373571515083313,0.5495132207870483,0.5568543672561646,0.5610751509666443,0.56344074010849,0.5646294355392456,0.9467502062513888,0.977816411957914,0.9649184257281525,0.9588633336156119,0.9506002066810876,0.9527773070780517,0.001933903310875982,0.0016059416268997954,0.0023133189531562813,0.0029948529465498343,0.0031024401921116726,0.0029797257492013654,1918
vae,gformula,oulad,0,5,high,1,0.5370736122131348,0.5487463474273682,0.5562217235565186,0.560638427734375,0.5630626678466797,0.5642233490943909,0.5369200110435486,0.5485635995864868,0.5560116767883301,0.5603669285774231,0.56280517578125,0.5639768242835999,0.537205159664154,0.5489259958267212,0.5564673542976379,0.5608811974525452,0.5633451342582703,0.5644985437393188,0.9692568901723311,0.9808657902828978,0.9725763630034546,0.9622872146069501,0.9543307217777082,0.9553674698969175,0.0020264308053336926,0.0012512150799736687,0.0016977258898085044,0.0023354765737377634,0.0027859054277186404,0.0026452718744589994,1918
vae,gformula,oulad,5,5,all,0,0.5651857852935791,0.5651775002479553,0.5649309158325195,0.5647166967391968,0.5643988251686096,0.5641611814498901,0.5650274753570557,0.5650138258934021,0.5647760033607483,0.5645373463630676,0.5642260313034058,0.563974916934967,0.5653389096260071,0.5653384327888489,0.5651012063026428,0.5649078488349915,0.564580500125885,0.564328134059906,0.9436007926090652,0.9558657847038804,0.9653096263591984,0.9672351433446691,0.974076974173312,0.9719055659566045,0.0016847799549505659,0.0012709101948286373,0.00122419604107721,0.001178485856839462,0.001395015900857007,0.0019484929427957267,4233
vae,gformula,oulad,5,5,all,1,0.5643540620803833,0.5646381974220276,0.5645232200622559,0.5643683075904846,0.5641971230506897,0.5640150308609009,0.5641326308250427,0.5644347071647644,0.5643647909164429,0.5641943216323853,0.564034104347229,0.563840389251709,0.564534068107605,0.564833402633667,0.5646966099739075,0.5645489692687988,0.5643627047538757,0.5642206072807312,0.9588341480001616,0.9596931128299658,0.9698532939579276,0.9681245272331719,0.9728227546693382,0.9708089398620781,0.001657102743206629,0.001649358385747308,0.0015634614572127795,0.0018918398513381237,0.0016344249664748368,0.0019815098913032575,4233
vae,gformula,oulad,5,5,low,0,0.5639359951019287,0.5640045404434204,0.5638688802719116,0.5637336373329163,0.5633542537689209,0.5631246566772461,0.5637082457542419,0.5637801289558411,0.5636364221572876,0.5634949207305908,0.5631211996078491,0.5628622770309448,0.5641699433326721,0.5642300844192505,0.5641375184059143,0.5639710426330566,0.5635831356048584,0.5633492469787598,0.9423816668326847,0.954468660154484,0.9646024868161724,0.9671646396029043,0.9741544105648282,0.9707931288492689,0.0032322738296669154,0.0026671457869300997,0.002060092802078534,0.0022866608256263397,0.0023080339740199633,0.0024357466800380362,2315
vae,gformula,oulad,5,5,low,1,0.5633864402770996,0.5636918544769287,0.5633881092071533,0.5633500814437866,0.5632268786430359,0.5630021691322327,0.5631365776062012,0.5634461045265198,0.5631688237190247,0.5631288886070251,0.5630133152008057,0.5627866983413696,0.5636075139045715,0.5639485716819763,0.5636590719223022,0.5636042356491089,0.5634100437164307,0.563245952129364,0.9578454578228603,0.9585545000740208,0.9694200811998591,0.9677065272523976,0.9738059805827677,0.9707928242690839,0.0018575725139657595,0.0016940110399016278,0.0020092253639175323,0.0021115029416154444,0.0017629569661317555,0.0020612729507927135,2315
vae,gformula,oulad,5,5,high,0,0.566306471824646,0.5663660168647766,0.566232442855835,0.5659441947937012,0.5656799077987671,0.565248429775238,0.5660257935523987,0.5661069750785828,0.5659621953964233,0.5657025575637817,0.5654622316360474,0.5650184154510498,0.5665735602378845,0.5667096972465515,0.5664806365966797,0.5661989450454712,0.565929651260376,0.5655014514923096,0.9452079787656966,0.9575547808258523,0.9664601390882132,0.9684500233031985,0.9737082320541857,0.9723130841209899,0.0030806533849753724,0.002647717946386255,0.002190075209116353,0.0021179810447721306,0.002079970273174659,0.002454700871555505,1918
vae,gformula,oulad,5,5,high,1,0.5655409097671509,0.5659433603286743,0.5658684372901917,0.5656460523605347,0.5654277205467224,0.5653785467147827,0.5652866363525391,0.5656737089157104,0.5656514763832092,0.5654118061065674,0.5651745200157166,0.5651302337646484,0.5658290982246399,0.5662143230438232,0.5661530494689941,0.5659258365631104,0.5656868815422058,0.5656257271766663,0.9599898978731434,0.960769244077345,0.9704984148582779,0.9685038417081561,0.9719192735803652,0.9715675328894715,0.002664405380607415,0.0020695446278636035,0.0018799365052601263,0.0022205775777056555,0.0030098536619359703,0.0032578479722530154,1918
vae,gformula,oulad,10,5,all,0,0.5637428164482117,0.5637915730476379,0.5631759166717529,0.5629331469535828,0.562730610370636,0.5626848340034485,0.5635401010513306,0.5636257529258728,0.5630267858505249,0.5627953410148621,0.5625920295715332,0.5625118017196655,0.5639503598213196,0.5639852285385132,0.5633342266082764,0.5630980134010315,0.5628641843795776,0.5628417134284973,0.9662626831284966,0.9698016987536077,0.8800164043903351,0.8974807577487081,,,0.0019062524466393225,0.0018042864453643246,0.012364140031003808,0.013328830146368861,,,4233
vae,gformula,oulad,10,5,all,1,0.5635101199150085,0.5633470416069031,0.5630757212638855,0.5627846717834473,0.5625503659248352,0.5625467300415039,0.5633255243301392,0.5631833672523499,0.562900722026825,0.5626382231712341,0.5623898506164551,0.5624088048934937,0.5637001395225525,0.5635514855384827,0.563213586807251,0.5629213452339172,0.5626952052116394,0.5626742839813232,0.975710656905029,0.9728949262559485,0.8878828121367656,0.8915351277869193,,,0.0019561312010155183,0.0020752648173285046,0.012469248085364459,0.011684890381948063,,,4233
vae,gformula,oulad,10,5,low,0,0.5628498196601868,0.5627442002296448,0.5623776912689209,0.5620179176330566,0.5619545578956604,0.5617555975914001,0.5625849962234497,0.5624974370002747,0.5621200203895569,0.561815083026886,0.5617683529853821,0.5615769624710083,0.5631241202354431,0.5629966855049133,0.5626161098480225,0.5622035264968872,0.5621238946914673,0.5619471073150635,0.964262208905285,0.966826059030635,0.8850706475786865,0.8993832532139052,,,0.0028925254970522886,0.0035119782707526298,0.017388001800950317,0.013884210346173223,,,2315
vae,gformula,oulad,10,5,low,1,0.5623225569725037,0.5625032782554626,0.561994731426239,0.5619531869888306,0.5617193579673767,0.5618977546691895,0.5620483756065369,0.5622681975364685,0.5617673993110657,0.5617560744285583,0.561506986618042,0.5617115497589111,0.5625750422477722,0.5627638101577759,0.5622014999389648,0.5621408224105835,0.561907947063446,0.56207275390625,0.9756396310026911,0.9723175969723213,0.8952076127353523,0.8975184291601179,,,0.0017139496603196297,0.0017451905553946476,0.013888463833212905,0.017303032666727496,,,2315
vae,gformula,oulad,10,5,high,0,0.5650648474693298,0.5648784041404724,0.5643199682235718,0.5639978051185608,0.5638522505760193,0.5637679100036621,0.5647633075714111,0.5645870566368103,0.5640648603439331,0.5637902021408081,0.563651442527771,0.5635764002799988,0.5653488636016846,0.5652033090591431,0.5645970702171326,0.564243495464325,0.564078152179718,0.5639971494674683,0.9667177939495328,0.9718948174532004,0.8729321042696634,0.8937722710010249,,,0.003093058949932967,0.0033247547558412794,0.018958602216484082,0.018614513717187847,,,1918
vae,gformula,oulad,10,5,high,1,0.5645753741264343,0.5646185278892517,0.5640003681182861,0.5638832449913025,0.5637757778167725,0.5636789202690125,0.5642642378807068,0.5643333792686462,0.5637935400009155,0.563614547252655,0.5635314583778381,0.5634891390800476,0.5648835301399231,0.5648981332778931,0.564261257648468,0.564107358455658,0.5639863014221191,0.5638843774795532,0.9756615008702323,0.9732184875942277,0.873448133882549,0.8739484964624833,,,0.0024179481787605134,0.0037385303992031366,0.03264594952396628,0.037467832989618775,,,1918
diffusion,gformula,oulad,0,5,all,0,0.5368646383285522,0.5485954284667969,0.555819034576416,0.5598894357681274,0.5620777010917664,0.5632853507995605,0.5367766618728638,0.5484569668769836,0.5556696057319641,0.559708297252655,0.5618988275527954,0.5631181597709656,0.5369570851325989,0.5487285852432251,0.5559964776039124,0.5600666999816895,0.562242329120636,0.563464879989624,0.6071077209423361,0.637086478950679,0.6319420493260357,0.633119724614715,0.631045069913799,0.6322129889052738,0.006911846057154162,0.005588675728156473,0.0066554117376276724,0.007177852114882555,0.007930153301384723,0.009847265747834675,4233
diffusion,gformula,oulad,0,5,all,1,0.5367000699043274,0.5483990907669067,0.5555345416069031,0.55973219871521,0.5619519948959351,0.5630857944488525,0.5366020202636719,0.5482584834098816,0.5553747415542603,0.5595792531967163,0.56177818775177,0.5629163384437561,0.5367974042892456,0.5485308766365051,0.5556977391242981,0.5599154233932495,0.5621297359466553,0.5632438063621521,0.6597614308382027,0.6474189932360024,0.6401380432557343,0.6395104645460653,0.6372824801490038,0.6349400864658576,0.006985957445170847,0.007064085548566833,0.007078583295800387,0.005555977929212327,0.005809714014763596,0.008400202969515408,4233
diffusion,gformula,oulad,0,5,low,0,0.5366730690002441,0.5482061505317688,0.5551066994667053,0.5591535568237305,0.5613008737564087,0.5622751712799072,0.536536455154419,0.5480181574821472,0.5548859238624573,0.5589686632156372,0.5610908269882202,0.5620386004447937,0.5367870330810547,0.5483960509300232,0.5553262233734131,0.5593968033790588,0.5615136623382568,0.5624977946281433,0.6046519015687075,0.6355813374215782,0.6352590660413132,0.6377568792317063,0.631441342754469,0.6300001497484911,0.00890024596081124,0.0066167280603969215,0.010326765671605582,0.009949877273942729,0.010448086085655539,0.013607678358626557,2315
diffusion,gformula,oulad,0,5,low,1,0.5366231799125671,0.5479750633239746,0.5549942851066589,0.5588833689689636,0.5611593127250671,0.5621088743209839,0.5364918112754822,0.5478114485740662,0.5547953248023987,0.5586721897125244,0.5609539747238159,0.561855673789978,0.5367628931999207,0.5481647849082947,0.55519038438797,0.559101402759552,0.5613968968391418,0.5623766779899597,0.6644705893803187,0.6464452037254298,0.6447007933865241,0.6431009031594257,0.6367719612478633,0.6393797344860592,0.010045403900644621,0.011048645692791424,0.007742979231466099,0.008247541603319839,0.009038716883198432,0.011232644957829422,2315
diffusion,gformula,oulad,0,5,high,0,0.5371770262718201,0.5492170453071594,0.5565553903579712,0.5607324242591858,0.5631299018859863,0.5643802881240845,0.5370485782623291,0.5490530729293823,0.5563258528709412,0.560531735420227,0.5629019737243652,0.5641418099403381,0.5372958779335022,0.549426257610321,0.5567842125892639,0.5609753727912903,0.5634005069732666,0.5646141767501831,0.6113799855364934,0.6420101625945236,0.6325920528168176,0.6398623772835113,0.633846232811001,0.63182292864416,0.010943508384920591,0.013727303110565725,0.010378422188772123,0.011217382818128304,0.010784460596531044,0.014175218745256202,1918
diffusion,gformula,oulad,0,5,high,1,0.5370038747787476,0.5488926768302917,0.5562726259231567,0.5605005621910095,0.5630269646644592,0.5643640160560608,0.5368599891662598,0.5487020015716553,0.5560623407363892,0.560267448425293,0.5627620816230774,0.5641384720802307,0.5371528267860413,0.5491218566894531,0.5564892292022705,0.5607293844223022,0.5632812976837158,0.5646052360534668,0.6575506467378258,0.6452269493841924,0.6403729247214853,0.6417274217103681,0.6351470623998833,0.6362643581025538,0.010892281738352317,0.012204945794130374,0.009329664039567736,0.009287736411574555,0.01073907406355394,0.015273413720754445,1918
diffusion,gformula,oulad,5,5,all,0,0.5650611519813538,0.5650420188903809,0.5649297833442688,0.5647697448730469,0.5642997026443481,0.5640814304351807,0.5648859739303589,0.5648624300956726,0.5647388100624084,0.5645932555198669,0.5641418099403381,0.563907265663147,0.5652337074279785,0.5652095675468445,0.5651426911354065,0.5649418234825134,0.5644607543945312,0.5642363429069519,0.6094566867890123,0.6351346459604965,0.6421875625496647,0.6471678778760852,0.6473752538237525,0.6525869159689461,0.008104284559273377,0.010265123896710934,0.011795573061700267,0.009709464308259199,0.011471799271712805,0.01375627999115587,4233
diffusion,gformula,oulad,5,5,all,1,0.564498245716095,0.5646121501922607,0.5645390748977661,0.5644543766975403,0.5641167163848877,0.5639994740486145,0.5642794370651245,0.5644492506980896,0.5643596649169922,0.5642991065979004,0.5639514327049255,0.5638424754142761,0.5646718740463257,0.5647845268249512,0.5647239089012146,0.5646207332611084,0.5643061399459839,0.5641803741455078,0.6580634146660951,0.6401869142105061,0.6496546604271007,0.6521383923965494,0.6547694913374879,0.6540978861538076,0.007223375108127929,0.006647947167734457,0.008121450656705434,0.009641981293654301,0.011493579491828814,0.01250415514892076,4233
diffusion,gformula,oulad,5,5,low,0,0.5641023516654968,0.5641868710517883,0.5637795925140381,0.5636184215545654,0.5635064840316772,0.5631599426269531,0.5638716220855713,0.5639405250549316,0.5635451674461365,0.5633663535118103,0.5633095502853394,0.562907874584198,0.5643211603164673,0.5644081830978394,0.5639894604682922,0.5638290047645569,0.5637348294258118,0.5634291768074036,0.6033583756380193,0.63376153646939,0.6428947456022397,0.6426940097300888,0.6526693357383582,0.6553194760360113,0.01186774005656942,0.014074598374188603,0.013872911785194897,0.012871277124025566,0.017715177169713384,0.01492296456403279,2315
diffusion,gformula,oulad,5,5,low,1,0.5633517503738403,0.5635818243026733,0.5634139776229858,0.5634267330169678,0.5632363557815552,0.5630530118942261,0.5630736947059631,0.5633428692817688,0.5631858110427856,0.563179612159729,0.5629943609237671,0.562809944152832,0.5636332631111145,0.5638207197189331,0.563675045967102,0.5636559128761292,0.563448429107666,0.5632799863815308,0.6625131803976079,0.6431306844383264,0.650532806197919,0.6488652573742055,0.6582624745487043,0.6543366421458161,0.011106295499827628,0.011304617279546037,0.01399462523650966,0.013212331210965945,0.016202288260782367,0.015451110675668537,2315
diffusion,gformula,oulad,5,5,high,0,0.5663750171661377,0.5663899779319763,0.566338300704956,0.5657473802566528,0.5655398368835449,0.5653536319732666,0.5661106109619141,0.566148042678833,0.5660912394523621,0.5654761791229248,0.5653029084205627,0.5651074051856995,0.5666059851646423,0.5666552186012268,0.5665987133979797,0.5660926103591919,0.5658008456230164,0.5656319260597229,0.6061682971116877,0.632826985887093,0.6412450129303762,0.6443296206591914,0.6406646602436216,0.6361892263782053,0.012908331015818208,0.01687402038724312,0.014956424662797946,0.01139069175103632,0.018208684072794093,0.020994932176851732,1918
diffusion,gformula,oulad,5,5,high,1,0.5655637383460999,0.5657775402069092,0.5659310817718506,0.565684974193573,0.5653403997421265,0.5653016567230225,0.565307080745697,0.5655187368392944,0.5657081007957458,0.5654051303863525,0.5651146173477173,0.5650172233581543,0.5658529996871948,0.5660804510116577,0.5661831498146057,0.5659576058387756,0.5655914545059204,0.5655996203422546,0.6622502930713241,0.6418294978437127,0.6447419402856693,0.6481635169842794,0.6553190497540242,0.6475314143332318,0.012854176877126587,0.012410938357459135,0.012045294876506287,0.015050640041928859,0.017961389786252648,0.01811556359882342,1918
diffusion,gformula,oulad,10,5,all,0,0.5637734532356262,0.5636795163154602,0.5633894205093384,0.5630199313163757,0.5626288652420044,0.5627341270446777,0.5635908842086792,0.5635018944740295,0.563251793384552,0.5628767013549805,0.5624942779541016,0.5625777244567871,0.5639846920967102,0.563849925994873,0.5635544061660767,0.5631580948829651,0.5627636313438416,0.5628607273101807,0.6174782675510747,0.6581619562084711,0.6025307619706991,0.589450934479828,,,0.014738145223088403,0.015580792094301583,0.03582679896811593,0.06242736227080253,,,4233
diffusion,gformula,oulad,10,5,all,1,0.5633928775787354,0.563401460647583,0.5630043148994446,0.5626873970031738,0.5627466440200806,0.5625776052474976,0.563169538974762,0.5632131099700928,0.5628460049629211,0.5625379681587219,0.5625995397567749,0.5624350309371948,0.5636201500892639,0.5635926723480225,0.563145101070404,0.5628390908241272,0.5629070401191711,0.5627109408378601,0.6669190547971706,0.6542894492603236,0.5925114861261342,0.6072738282317913,,,0.013150537833601377,0.01586756570490121,0.04591775655737421,0.0672955306946728,,,4233
diffusion,gformula,oulad,10,5,low,0,0.5626242756843567,0.5627862811088562,0.5623617768287659,0.5621671080589294,0.5620120763778687,0.5619407892227173,0.5623199939727783,0.5625123381614685,0.5621430277824402,0.5619592070579529,0.5618239045143127,0.5617372393608093,0.5629162788391113,0.5629990100860596,0.5625729560852051,0.5623847842216492,0.5621721148490906,0.5621396899223328,0.6210753476575692,0.6534087721919626,0.5899784147088991,0.5923483738017932,,,0.015954757232910732,0.023492230753833037,0.05172242522963884,0.07764910713644706,,,2315
diffusion,gformula,oulad,10,5,low,1,0.5624006986618042,0.5626016855239868,0.5621786117553711,0.5619562268257141,0.5618634223937988,0.5617756843566895,0.5621758699417114,0.5623173117637634,0.5619496703147888,0.5617542862892151,0.5616949200630188,0.5615947246551514,0.5626633167266846,0.5628505349159241,0.562375009059906,0.5621680617332458,0.5620468258857727,0.5619691014289856,0.6756592535710026,0.656377200668606,0.602356290918239,0.5792066600646303,,,0.01972232263483709,0.024076228944805718,0.051250344594683396,0.05973011549960954,,,2315
diffusion,gformula,oulad,10,5,high,0,0.5649739503860474,0.5650464296340942,0.5641575455665588,0.5640630125999451,0.5637611150741577,0.5636079907417297,0.5647062063217163,0.5647380948066711,0.5639197826385498,0.5638277530670166,0.5635563731193542,0.5633887052536011,0.5652696490287781,0.5653557181358337,0.564375102519989,0.5643113255500793,0.5639858245849609,0.563863217830658,0.6178263187533534,0.6579977625655272,0.5784476603120048,0.6004403943698362,,,0.02047878884112117,0.01956951938038352,0.05736882885524712,0.0758188297264238,,,1918
diffusion,gformula,oulad,10,5,high,1,0.5647582411766052,0.564835250377655,0.5641650557518005,0.5638555288314819,0.5637795925140381,0.5635177493095398,0.5644843578338623,0.5645523071289062,0.5639315247535706,0.5636476874351501,0.5636102557182312,0.5632917284965515,0.5650519728660583,0.5651096701622009,0.5643800497055054,0.5640588402748108,0.5639921426773071,0.5637125968933105,0.6788421824617912,0.6617146043969127,0.5826165520835073,0.5738436130683493,,,0.02042578242795979,0.02413661797874415,0.0752549590991496,0.07800260305845524,,,1918
crn,gformula,oulad,0,5,all,0,0.5369245409965515,0.5485845804214478,0.5558345913887024,0.5598653554916382,0.5620273947715759,0.5633031725883484,0.5368374586105347,0.5484297275543213,0.5556473731994629,0.5596939325332642,0.5618488192558289,0.5631396174430847,0.5370020866394043,0.5487231612205505,0.5559987425804138,0.5600427389144897,0.5621908903121948,0.5634670257568359,0.9282578354942977,0.9762713106535245,0.9613862360393975,0.9527996103761751,0.93696997138732,0.9398789753516515,1.1102230246251565e-16,1.1102230246251565e-16,0.0,0.0,3.3306690738754696e-16,0.0,4233
crn,gformula,oulad,0,5,all,1,0.5367612242698669,0.5483682751655579,0.5555142760276794,0.5597269535064697,0.5618572235107422,0.5631117820739746,0.5366660356521606,0.5482153296470642,0.5553240180015564,0.5595920085906982,0.5616748332977295,0.5629087090492249,0.5368536710739136,0.5485003590583801,0.5556983947753906,0.5598888993263245,0.5620479583740234,0.5633069276809692,0.9605856566684847,0.9768558574460682,0.9622432882414623,0.9530478261962024,0.9366560161184656,0.9392505146117289,1.1102230246251565e-16,1.1102230246251565e-16,0.0,2.220446049250313e-16,1.1102230246251565e-16,2.220446049250313e-16,4233
crn,gformula,oulad,0,5,low,0,0.5365933775901794,0.5481064915657043,0.5552529692649841,0.5590237975120544,0.5611967444419861,0.5623124241828918,0.5364721417427063,0.5479505062103271,0.5550126433372498,0.5588222742080688,0.5609844923019409,0.5621023178100586,0.5367071032524109,0.5482942461967468,0.5554516911506653,0.5592197179794312,0.5613972544670105,0.5625267624855042,0.930542117756335,0.9766777555061983,0.962415286505969,0.9535784767547127,0.9365273066059473,0.937836163466326,2.220446049250313e-16,0.0,0.0,3.3306690738754696e-16,2.220446049250313e-16,4.440892098500626e-16,2315
crn,gformula,oulad,0,5,low,1,0.5366062521934509,0.5479151010513306,0.5548101663589478,0.5591428875923157,0.5610461235046387,0.5623966455459595,0.5364781618118286,0.5477541089057922,0.5545521378517151,0.5589219331741333,0.5608233213424683,0.5621886849403381,0.5367550253868103,0.5480780601501465,0.555026650428772,0.5593289732933044,0.561281681060791,0.5626198053359985,0.9622629330946101,0.9772675676428216,0.9632144566488575,0.9537937392651197,0.9361317853408678,0.9371108143937356,4.440892098500626e-16,0.0,0.0,1.1102230246251565e-16,0.0,1.1102230246251565e-16,2315
crn,gformula,oulad,0,5,high,0,0.5371979475021362,0.5492120385169983,0.5565134286880493,0.5608065724372864,0.5630810260772705,0.5644489526748657,0.5370611548423767,0.5490042567253113,0.5563250184059143,0.5605696439743042,0.5628392100334167,0.5641770958900452,0.5373311042785645,0.5494492053985596,0.5567541718482971,0.5610599517822266,0.5633309483528137,0.5647211670875549,0.9255007377692633,0.9757807372260267,0.960144186075835,0.9518670722163748,0.9374806948154116,0.942152352912521,2.220446049250313e-16,1.1102230246251565e-16,1.1102230246251565e-16,1.1102230246251565e-16,1.1102230246251565e-16,1.1102230246251565e-16,1918
crn,gformula,oulad,0,5,high,1,0.5370334386825562,0.5488775372505188,0.5562019944190979,0.5604554414749146,0.5629217624664307,0.5644571185112,0.5368937849998474,0.5486982464790344,0.5560119152069092,0.560260534286499,0.5626692771911621,0.5641994476318359,0.5371825695037842,0.5491005182266235,0.5564293265342712,0.5606924295425415,0.563177227973938,0.5647262930870056,0.9585612067589546,0.9763589288196426,0.9610711011386888,0.952154743095139,0.937260846118756,0.9416317159829954,0.0,1.1102230246251565e-16,0.0,5.551115123125783e-16,1.1102230246251565e-16,0.0,1918
crn,gformula,oulad,5,5,all,0,0.5650541186332703,0.5650613903999329,0.5649163126945496,0.5646880865097046,0.5642898082733154,0.5640671253204346,0.5648708343505859,0.564906656742096,0.5647211670875549,0.5645251274108887,0.5641257762908936,0.5639106631278992,0.5652046799659729,0.5652279257774353,0.5651013851165771,0.5648455023765564,0.5644513964653015,0.5642324090003967,0.926487732943986,0.9581227378729136,0.9681150791590604,0.973596583280248,0.9752036902630541,0.9701221060458124,1.1102230246251565e-16,1.1102230246251565e-16,2.220446049250313e-16,1.1102230246251565e-16,0.0,3.3306690738754696e-16,4233
crn,gformula,oulad,5,5,all,1,0.5643756985664368,0.5646073222160339,0.5645526051521301,0.5644548535346985,0.5642160177230835,0.564080536365509,0.5641770362854004,0.5644222497940063,0.5643550753593445,0.5642914772033691,0.5640454292297363,0.5639010667800903,0.5645523071289062,0.5647932887077332,0.5647187829017639,0.5646400451660156,0.5643947124481201,0.5642397999763489,0.9502960828867903,0.960895997766489,0.9713995241755878,0.9770588651413231,0.9787292806418911,0.97410147264015,1.1102230246251565e-16,1.1102230246251565e-16,2.220446049250313e-16,5.551115123125783e-16,1.1102230246251565e-16,2.220446049250313e-16,4233
crn,gformula,oulad,5,5,low,0,0.5639892816543579,0.5642316341400146,0.5638870596885681,0.5636985898017883,0.5633448362350464,0.5631575584411621,0.5637437105178833,0.5640003085136414,0.5636126399040222,0.5634943842887878,0.5631031394004822,0.5629197955131531,0.5642403364181519,0.5645266175270081,0.5641374588012695,0.5639299750328064,0.5635746717453003,0.5633988976478577,0.9243893908277568,0.9554691538697441,0.9670127796760305,0.9729872260524199,0.9755159190666184,0.9696305507844668,1.1102230246251565e-16,2.220446049250313e-16,1.1102230246251565e-16,0.0,0.0,0.0,2315
crn,gformula,oulad,5,5,low,1,0.5634826421737671,0.563592255115509,0.5635993480682373,0.5634900331497192,0.5632030367851257,0.5631576776504517,0.5632749795913696,0.5633558630943298,0.5633634924888611,0.5632511973381042,0.562969446182251,0.5629345178604126,0.563739001750946,0.5638390779495239,0.5638323426246643,0.5637131333351135,0.5634408593177795,0.563362717628479,0.9482414451823832,0.9584235185294634,0.9704086833362343,0.9765201187870801,0.9789249514850894,0.9735994989058042,5.551115123125783e-16,1.1102230246251565e-16,5.551115123125783e-16,3.3306690738754696e-16,3.3306690738754696e-16,0.0,2315
crn,gformula,oulad,5,5,high,0,0.5662456154823303,0.566196620464325,0.5660461187362671,0.565952479839325,0.5654974579811096,0.565385103225708,0.5659499764442444,0.5659468173980713,0.5658071041107178,0.5657094120979309,0.5652995705604553,0.5651297569274902,0.5665465593338013,0.5664865374565125,0.5663561820983887,0.5662543177604675,0.5657602548599243,0.56564861536026,0.9288229082561777,0.9610951799538829,0.9693391185448352,0.9742529627888704,0.9748738958446627,0.9706538210507315,0.0,2.220446049250313e-16,1.1102230246251565e-16,2.220446049250313e-16,5.551115123125783e-16,3.3306690738754696e-16,1918
crn,gformula,oulad,5,5,high,1,0.5654997229576111,0.5658236145973206,0.5658336877822876,0.5656848549842834,0.5654075741767883,0.5651904940605164,0.5652540326118469,0.5655837059020996,0.5655474066734314,0.5654322504997253,0.5651553273200989,0.564955472946167,0.5657730102539062,0.5661510229110718,0.566105306148529,0.5659381747245789,0.5656522512435913,0.5654714107513428,0.9525826210093019,0.9636655732989311,0.9724997952281231,0.9776391849457335,0.9785226015937312,0.9746444573005041,5.551115123125783e-16,0.0,0.0,0.0,0.0,0.0,1918
crn,gformula,oulad,10,5,all,0,0.5637990832328796,0.5636677742004395,0.5631883144378662,0.5629425048828125,0.5627307891845703,0.5626578330993652,0.5636123418807983,0.5634831786155701,0.5630289912223816,0.5628002285957336,0.5625796318054199,0.5625195503234863,0.5640089511871338,0.563844621181488,0.5633339285850525,0.5630695819854736,0.5628700852394104,0.5628057718276978,0.9666829330136115,0.9690228252524488,0.839388518492774,0.8230977300554514,,,2.220446049250313e-16,2.220446049250313e-16,2.220446049250313e-16,0.0,,,4233
crn,gformula,oulad,10,5,all,1,0.5634964108467102,0.5634135603904724,0.5629988312721252,0.5628068447113037,0.5627331137657166,0.5626419186592102,0.5632919073104858,0.5632321834564209,0.5628255605697632,0.5626600980758667,0.5626034736633301,0.5624955892562866,0.5636886954307556,0.5635964870452881,0.5631693601608276,0.5629510879516602,0.5628662705421448,0.5627847909927368,0.977872847762175,0.9697957608143298,0.8481896971121875,0.8356761686503889,,,2.220446049250313e-16,1.1102230246251565e-16,2.220446049250313e-16,1.1102230246251565e-16,,,4233
crn,gformula,oulad,10,5,low,0,0.5628644824028015,0.5628484487533569,0.5624516010284424,0.5621994733810425,0.5619985461235046,0.5619038939476013,0.5626364946365356,0.5626270174980164,0.5622221827507019,0.5619927644729614,0.5617968440055847,0.5617216229438782,0.5630893111228943,0.5630691647529602,0.5626466274261475,0.5623859167098999,0.5621770024299622,0.5620714426040649,0.9661193695538352,0.9671415708892578,0.8336246026945966,0.8258441864025026,,,2.220446049250313e-16,2.220446049250313e-16,0.0,0.0,,,2315
crn,gformula,oulad,10,5,low,1,0.562351405620575,0.5625209808349609,0.562218427658081,0.5618195533752441,0.561815083026886,0.5618956089019775,0.5621055364608765,0.5622845888137817,0.5620121955871582,0.5616636276245117,0.5616406202316284,0.5617119073867798,0.5626471638679504,0.5627297163009644,0.5624236464500427,0.5620409846305847,0.5620269179344177,0.562053382396698,0.9770885789682497,0.9679641680725449,0.8417709645416057,0.8370219298771445,,,0.0,2.220446049250313e-16,2.220446049250313e-16,4.440892098500626e-16,,,2315
crn,gformula,oulad,10,5,high,0,0.5651254653930664,0.5648065805435181,0.5644382238388062,0.5641019940376282,0.5636448860168457,0.5637601613998413,0.5648083686828613,0.5644915103912354,0.5642135739326477,0.5638414621353149,0.5634362101554871,0.5635601878166199,0.565398633480072,0.5650998950004578,0.5647007822990417,0.5643685460090637,0.5638717412948608,0.563942015171051,0.967292539239709,0.9712349038737343,0.8465613914860622,0.8200621730402895,,,1.1102230246251565e-16,3.3306690738754696e-16,3.3306690738754696e-16,1.1102230246251565e-16,,,1918
crn,gformula,oulad,10,5,high,1,0.5646108388900757,0.5646765828132629,0.564084529876709,0.5638057589530945,0.563623309135437,0.5636727809906006,0.5642974376678467,0.5643537640571594,0.5638361573219299,0.5636027455329895,0.5634172558784485,0.5634464025497437,0.5649295449256897,0.5649628043174744,0.564319908618927,0.564035952091217,0.5638412237167358,0.5638386011123657,0.9787211908039704,0.9719494446681869,0.8561774532000224,0.8341887483471314,,,0.0,2.220446049250313e-16,0.0,4.440892098500626e-16,,,1918
timegan,gformula,oulad,0,5,all,0,0.5368759632110596,0.5486924648284912,0.5558138489723206,0.5598457455635071,0.5621010065078735,0.5632719993591309,0.5367662310600281,0.5485597252845764,0.555657684803009,0.5596842169761658,0.5619053244590759,0.5631011724472046,0.5369623303413391,0.5488185882568359,0.5559667944908142,0.5600045323371887,0.5622581243515015,0.5634450316429138,0.9461185186200183,0.9651310409795244,0.9628716176673648,0.9641253650005469,0.9627044527198076,0.9617808486364169,1.0128672387738883e-07,3.354951739941366e-08,1.7190268402833183e-08,9.478028134738407e-09,8.281247892218531e-09,8.832112142921385e-09,4233
timegan,gformula,oulad,0,5,all,1,0.5366842150688171,0.5483949780464172,0.5554434657096863,0.5596314668655396,0.5620638728141785,0.5630742907524109,0.5365980863571167,0.5482422709465027,0.5552839636802673,0.5594746470451355,0.5618830919265747,0.5628771185874939,0.5367850065231323,0.5485250949859619,0.5556051135063171,0.5598010420799255,0.5622705221176147,0.5632270574569702,0.9718090912149837,0.9651404732364363,0.9628769593242492,0.9641285105056854,0.9627065061556662,0.9617821466230769,4.665073962112645e-08,2.2492140709165532e-08,1.6462887478163764e-08,1.2281174253386498e-08,8.753972257907369e-09,9.243165558163632e-09,4233
timegan,gformula,oulad,0,5,low,0,0.5366316437721252,0.5482041835784912,0.5551973581314087,0.5590372681617737,0.5611648559570312,0.5621237754821777,0.5365111827850342,0.5480564832687378,0.5549626350402832,0.5588265061378479,0.5609608292579651,0.5618623495101929,0.5367418527603149,0.5483639240264893,0.5554106831550598,0.5592310428619385,0.5614057183265686,0.5623491406440735,0.9467342826061064,0.9654707305657941,0.963563769648966,0.9648908770769973,0.9631266975025545,0.9619363774714879,1.4648996939346303e-07,3.9430030702505634e-08,2.361807553929523e-08,1.5973301661133495e-08,1.4076556173259325e-08,1.5157784407191578e-08,2315
timegan,gformula,oulad,0,5,low,1,0.5365340709686279,0.5479745268821716,0.5549322366714478,0.5588439106941223,0.5611256957054138,0.562147855758667,0.5363940000534058,0.5477909445762634,0.5547151565551758,0.5586099028587341,0.5609145760536194,0.5618982315063477,0.5366570949554443,0.5481476783752441,0.5551652312278748,0.5590626001358032,0.5613515973091125,0.5623898506164551,0.9721548898456935,0.9654801664663957,0.9635690644582973,0.9648939795043546,0.96312874226124,0.9619376829079149,6.181510417507665e-08,3.950235508104366e-08,2.1323074833341813e-08,1.4671893646524729e-08,1.2301015550610234e-08,1.0638708208267438e-08,2315
timegan,gformula,oulad,0,5,high,0,0.5372081995010376,0.5491591095924377,0.556560754776001,0.5606768131256104,0.5631648302078247,0.5643793940544128,0.53706294298172,0.5489668250083923,0.5563594102859497,0.5604439377784729,0.5628990530967712,0.5641222596168518,0.537341296672821,0.5493387579917908,0.556766152381897,0.5608953833580017,0.5634089112281799,0.5646266341209412,0.9453753626104191,0.9647210652173743,0.9620362019684938,0.9632088211311123,0.9622172949388196,0.961607761953539,1.9383554021712452e-07,4.99049637563269e-08,3.0185094505407016e-08,2.291023727417522e-08,1.4922591480637e-08,1.3923979127732288e-08,1918
timegan,gformula,oulad,0,5,high,1,0.5370120406150818,0.5488294363021851,0.5562649369239807,0.5605603456497192,0.5630060434341431,0.5642088055610657,0.5368667840957642,0.5486176013946533,0.5560102462768555,0.5603236556053162,0.5627351999282837,0.5639328360557556,0.5371665954589844,0.549044668674469,0.5564961433410645,0.5608300566673279,0.5632565021514893,0.5644841194152832,0.9713917495778007,0.9647304976912559,0.9620416149574721,0.9632120159283456,0.9622193555374473,0.9616090654429857,6.077099274783016e-08,4.635505632231308e-08,1.994448694366548e-08,1.6539489853542525e-08,1.5339990884520512e-08,1.2109362222391729e-08,1918
timegan,gformula,oulad,5,5,all,0,0.565070390701294,0.5651624202728271,0.5649343132972717,0.5647639632225037,0.5643846392631531,0.5641908645629883,0.5648999214172363,0.5649507641792297,0.5647536516189575,0.5645875930786133,0.5642188787460327,0.5640295743942261,0.5652480721473694,0.5653552412986755,0.5650968551635742,0.564922571182251,0.5645642280578613,0.5643584132194519,0.9488231339377812,0.963135609858251,0.9654115564022373,0.9660021535343193,0.9671145578334169,0.9654258718483115,1.08412583195846e-08,8.42164335449432e-09,7.859090228412494e-09,8.352038974677093e-09,8.73012751976718e-09,9.498994332732148e-09,4233
timegan,gformula,oulad,5,5,all,1,0.564413845539093,0.564549446105957,0.5645023584365845,0.5644025206565857,0.5640871524810791,0.5640697479248047,0.5641975998878479,0.5643971562385559,0.5643288493156433,0.5642063617706299,0.5639317035675049,0.5638960003852844,0.5645808577537537,0.5647302865982056,0.5646507143974304,0.5645740628242493,0.5642603635787964,0.5642446279525757,0.9730742475840441,0.9631358396784805,0.965411747080388,0.9660023151448058,0.9671146769958219,0.965425983483039,5.0358973248186286e-09,7.78615927421205e-09,7.72998238229392e-09,6.747149217806459e-09,7.255970063650736e-09,5.4646530252987845e-09,4233
timegan,gformula,oulad,5,5,low,0,0.5639715790748596,0.5640770792961121,0.5639114379882812,0.5637622475624084,0.5633922815322876,0.5631684064865112,0.5637094974517822,0.5638159513473511,0.5636659264564514,0.5635282397270203,0.5631633996963501,0.5629504323005676,0.5642058253288269,0.5643242001533508,0.5641751289367676,0.5639921426773071,0.5635899305343628,0.5633997917175293,0.9489722882395585,0.963156825381273,0.9657466601102088,0.9668408876546349,0.9683078310064248,0.9663846807852614,1.2435470484379117e-08,8.12548229517489e-09,9.116372469090522e-09,7.928145458146312e-09,1.0173971904018903e-08,1.131734197118605e-08,2315
timegan,gformula,oulad,5,5,low,1,0.5634769201278687,0.5636176466941833,0.5635535717010498,0.5634658336639404,0.5632679462432861,0.5629457235336304,0.5631926655769348,0.5633783340454102,0.5633261203765869,0.5632230043411255,0.5630213618278503,0.56270831823349,0.5637286305427551,0.5638743042945862,0.5637803673744202,0.5636870861053467,0.5635221600532532,0.5631507635116577,0.9731808676298124,0.9631570599442167,0.9657468526558463,0.9668410458145946,0.9683079425329852,0.9663847831846004,8.246817272088321e-09,1.0907168563958755e-08,1.0671020100127224e-08,1.0212019145498914e-08,1.306536921955782e-08,1.2418705106899248e-08,2315
timegan,gformula,oulad,5,5,high,0,0.5663260817527771,0.5664446353912354,0.5661161541938782,0.5658215284347534,0.5655490159988403,0.5654735565185547,0.5660579204559326,0.5661307573318481,0.5658617615699768,0.5655600428581238,0.5653104186058044,0.5652484893798828,0.5665856599807739,0.5667046308517456,0.5664049983024597,0.5660769939422607,0.56578129529953,0.5657290816307068,0.9486571442282585,0.9631118431350879,0.9650394432994736,0.9650986976149725,0.9658541513688117,0.964388728005434,1.5701296807179668e-08,1.1054980241720744e-08,1.0182069295766693e-08,1.1243645380809904e-08,1.3770770972654788e-08,1.156104585825272e-08,1918
timegan,gformula,oulad,5,5,high,1,0.5654188990592957,0.5657093524932861,0.5659458041191101,0.5656381845474243,0.5653079152107239,0.5651190280914307,0.5651617050170898,0.565464437007904,0.5656954050064087,0.5654039978981018,0.5650427937507629,0.5648655295372009,0.565685510635376,0.5659468173980713,0.5661967396736145,0.5658833384513855,0.5656116008758545,0.5653986930847168,0.9729555936685802,0.96311206778932,0.9650396290433456,0.9650988619498925,0.9658542770457501,0.9643888446045861,7.502921574241254e-09,1.1367249359107031e-08,1.2303115668352194e-08,1.3642619803046273e-08,1.3029775908916087e-08,1.2516433412693744e-08,1918
timegan,gformula,oulad,10,5,all,0,0.563754677772522,0.5637062788009644,0.5632016062736511,0.5629776120185852,0.5627481937408447,0.5627634525299072,0.563575029373169,0.5635227560997009,0.5630376935005188,0.5628451704978943,0.5625842213630676,0.5626216530799866,0.5639429092407227,0.5638704895973206,0.5633424520492554,0.5631158947944641,0.5628834962844849,0.5629044771194458,0.9534795430592687,0.9672778986079846,0.9530467011845939,0.961117736622691,,,1.1490115034014227e-08,1.0206493007304293e-08,4.450056239835876e-08,4.200535320395139e-08,,,4233
timegan,gformula,oulad,10,5,all,1,0.563477098941803,0.5633956789970398,0.56313556432724,0.5628517270088196,0.5626516342163086,0.5626062154769897,0.5632467865943909,0.5632195472717285,0.5629774928092957,0.5627030730247498,0.5625069737434387,0.5624746084213257,0.5636820793151855,0.5635859966278076,0.5632825493812561,0.5630210041999817,0.5627805590629578,0.562736451625824,0.9754279858580377,0.9672780466741188,0.9530468193611293,0.9611178223416209,,,5.6139184141181635e-09,1.2751233324040131e-08,6.592688301069005e-08,5.258572863922274e-08,,,4233
timegan,gformula,oulad,10,5,low,0,0.5627520084381104,0.5628368258476257,0.5622525811195374,0.562070369720459,0.5619743466377258,0.5619524717330933,0.5624845623970032,0.5625802278518677,0.562075674533844,0.5618718862533569,0.5617977976799011,0.5617719292640686,0.5629957318305969,0.5630669593811035,0.5624623894691467,0.5622909069061279,0.5621466040611267,0.5621489882469177,0.9544967901625663,0.967885666806251,0.9542113007179328,0.963005735405854,,,1.548409645493885e-08,1.560522785914904e-08,6.244960306559637e-08,6.263276734835354e-08,,,2315
timegan,gformula,oulad,10,5,low,1,0.5626124739646912,0.5625176429748535,0.5621441006660461,0.5619327425956726,0.561862587928772,0.5618875026702881,0.5623610615730286,0.5622972846031189,0.5619422793388367,0.5617357492446899,0.5616804957389832,0.561671793460846,0.5628560185432434,0.562762439250946,0.5623306632041931,0.5621273517608643,0.5620728731155396,0.5620536208152771,0.9759452864932868,0.9678858103363639,0.9542114017265183,0.9630058126790182,,,7.850662858646565e-09,1.804856779123415e-08,7.447112989546733e-08,8.094627628337986e-08,,,2315
timegan,gformula,oulad,10,5,high,0,0.5650405287742615,0.5648176670074463,0.5641427040100098,0.5640491247177124,0.5639312267303467,0.5637727379798889,0.5647034049034119,0.5645312070846558,0.5638860464096069,0.563812255859375,0.5637035369873047,0.5635598301887512,0.5653892159461975,0.5650843977928162,0.564362108707428,0.5642858743667603,0.564151406288147,0.5639765858650208,0.9523792001692687,0.9665632554004825,0.951597443620364,0.9590310050468697,,,1.4426261426204223e-08,1.2306704508783191e-08,5.515349503413925e-08,4.5920762215051946e-08,,,1918
timegan,gformula,oulad,10,5,high,1,0.5647134184837341,0.564635157585144,0.5640837550163269,0.5637961030006409,0.5637557506561279,0.5636837482452393,0.5644267797470093,0.5643391609191895,0.563838005065918,0.5635464191436768,0.5635300874710083,0.5634765028953552,0.5649928450584412,0.5649064183235168,0.5643302798271179,0.564009964466095,0.5639598369598389,0.5638701915740967,0.9748684194742465,0.9665634074783702,0.9515975760089027,0.95903109602238,,,8.70421818443512e-09,2.03606275727779e-08,8.065668734209962e-08,6.394171072910449e-08,,,1918
