experiment_id,student_id,student_prior_started_skill_builder_count,student_prior_completed_skill_builder_count,student_prior_started_problem_set_count,student_prior_completed_problem_set_count,student_prior_completed_problem_count,student_prior_median_first_response_time,student_prior_median_time_on_task,student_prior_average_correctness,student_prior_average_attempt_count,class_id,class_creation_date,class_student_count,class_prior_skill_builder_count,class_prior_problem_set_count,class_prior_skill_builder_percent_started,class_prior_skill_builder_percent_completed,class_prior_problem_set_percent_started,class_prior_problem_set_percent_completed,class_prior_completed_problem_count,class_prior_median_time_on_task,class_prior_median_first_response_time,class_prior_average_correctness,class_prior_average_attempt_count,teacher_id,teacher_account_creation_date,district_id,location,opportunity_zone,locale_description
PSAXD6K,474133,39,39,0,0,253,51.635,69.549,0.7351778656126482,1.3478260869565217,40094,2020-08-19 15:26:19.247000-04:00,18,41,0,70.4607046070461,95.1923076923077,0.0,0.0,3236,39.8655,31.6735,0.7095179233621756,1.3479604449938194,442174,2020-08-18 14:11:08.723000-04:00,,,,
PSAXD6K,474137,38,38,0,0,264,40.263,59.473,0.6363636363636364,1.6174242424242424,40094,2020-08-19 15:26:19.247000-04:00,18,41,0,70.4607046070461,95.1923076923077,0.0,0.0,3236,39.8655,31.6735,0.7095179233621756,1.3479604449938194,442174,2020-08-18 14:11:08.723000-04:00,,,,
PSAXD6K,544215,37,30,0,0,258,30.875,36.1895,0.6085271317829457,1.562015503875969,40094,2020-08-19 15:26:19.247000-04:00,18,41,0,70.4607046070461,95.1923076923077,0.0,0.0,3236,39.8655,31.6735,0.7095179233621756,1.3479604449938194,442174,2020-08-18 14:11:08.723000-04:00,,,,
PSAXD6K,474126,39,38,0,0,272,27.9555,35.5985,0.6727941176470589,1.3713235294117647,40094,2020-08-19 15:26:19.247000-04:00,18,41,0,70.4607046070461,95.1923076923077,0.0,0.0,3236,39.8655,31.6735,0.7095179233621756,1.3479604449938194,442174,2020-08-18 14:11:08.723000-04:00,,,,
PSAXD6K,474174,37,33,0,0,243,41.791,49.547,0.6460905349794238,1.3415637860082306,40094,2020-08-19 15:26:19.247000-04:00,18,41,0,70.4607046070461,95.1923076923077,0.0,0.0,3236,39.8655,31.6735,0.7095179233621756,1.3479604449938194,442174,2020-08-18 14:11:08.723000-04:00,,,,
PSAXD6K,474125,39,38,0,0,213,34.725,41.976,0.7370892018779343,1.2488262910798122,40094,2020-08-19 15:26:19.247000-04:00,18,41,0,70.4607046070461,95.1923076923077,0.0,0.0,3236,39.8655,31.6735,0.7095179233621756,1.3479604449938194,442174,2020-08-18 14:11:08.723000-04:00,,,,
PSAXD6K,474130,41,41,0,0,297,22.29,26.151,0.6868686868686869,1.3333333333333333,40094,2020-08-19 15:26:19.247000-04:00,18,41,0,70.4607046070461,95.1923076923077,0.0,0.0,3236,39.8655,31.6735,0.7095179233621756,1.3479604449938194,442174,2020-08-18 14:11:08.723000-04:00,,,,
PSAXD6K,474131,40,40,0,0,262,32.598,39.8485,0.732824427480916,1.1641221374045803,40094,2020-08-19 15:26:19.247000-04:00,18,41,0,70.4607046070461,95.1923076923077,0.0,0.0,3236,39.8655,31.6735,0.7095179233621756,1.3479604449938194,442174,2020-08-18 14:11:08.723000-04:00,,,,
PSAXD6K,474142,40,39,0,0,242,31.69,36.799,0.756198347107438,1.2727272727272727,40094,2020-08-19 15:26:19.247000-04:00,18,41,0,70.4607046070461,95.1923076923077,0.0,0.0,3236,39.8655,31.6735,0.7095179233621756,1.3479604449938194,442174,2020-08-18 14:11:08.723000-04:00,,,,
PSAXD6K,474138,40,40,0,0,246,25.421,27.8565,0.7804878048780488,1.2682926829268293,40094,2020-08-19 15:26:19.247000-04:00,18,41,0,70.4607046070461,95.1923076923077,0.0,0.0,3236,39.8655,31.6735,0.7095179233621756,1.3479604449938194,442174,2020-08-18 14:11:08.723000-04:00,,,,
PSAXD6K,474139,40,40,0,0,192,32.688,39.642,0.8333333333333334,1.1458333333333333,40094,2020-08-19 15:26:19.247000-04:00,18,41,0,70.4607046070461,95.1923076923077,0.0,0.0,3236,39.8655,31.6735,0.7095179233621756,1.3479604449938194,442174,2020-08-18 14:11:08.723000-04:00,,,,
PSAXD6K,474134,40,40,0,0,248,37.5285,47.65,0.7217741935483871,1.4596774193548387,40094,2020-08-19 15:26:19.247000-04:00,18,41,0,70.4607046070461,95.1923076923077,0.0,0.0,3236,39.8655,31.6735,0.7095179233621756,1.3479604449938194,442174,2020-08-18 14:11:08.723000-04:00,,,,
PSAXD6K,529048,39,36,0,0,220,26.614,33.9165,0.7181818181818181,1.3,40094,2020-08-19 15:26:19.247000-04:00,18,41,0,70.4607046070461,95.1923076923077,0.0,0.0,3236,39.8655,31.6735,0.7095179233621756,1.3479604449938194,442174,2020-08-18 14:11:08.723000-04:00,,,,
PSAXD6K,578449,0,0,1,1,9,185.107,185.109,0.75,1.4444444444444444,51017,2020-09-01 17:47:05.929000-04:00,30,0,1,0.0,0.0,96.6666666666667,100.0,261,16.079,13.096,0.6336206896551724,1.3869731800766285,538440,2020-08-31 10:27:30.301000-04:00,2010.0,California,Yes,None
PSAXD6K,602275,0,0,1,1,9,17.965,21.382,0.75,1.1111111111111112,51017,2020-09-01 17:47:05.929000-04:00,30,0,1,0.0,0.0,96.6666666666667,100.0,261,16.079,13.096,0.6336206896551724,1.3869731800766285,538440,2020-08-31 10:27:30.301000-04:00,2010.0,California,Yes,None
PSAXD6K,602363,0,0,1,1,9,22.558,55.252,0.5,1.5555555555555556,51017,2020-09-01 17:47:05.929000-04:00,30,0,1,0.0,0.0,96.6666666666667,100.0,261,16.079,13.096,0.6336206896551724,1.3869731800766285,538440,2020-08-31 10:27:30.301000-04:00,2010.0,California,Yes,None
PSAXD6K,608516,0,0,1,1,9,9.145,9.148,0.75,1.1111111111111112,51017,2020-09-01 17:47:05.929000-04:00,30,0,1,0.0,0.0,96.6666666666667,100.0,261,16.079,13.096,0.6336206896551724,1.3869731800766285,538440,2020-08-31 10:27:30.301000-04:00,2010.0,California,Yes,None
PSAXD6K,614473,0,0,1,1,9,12.321,12.332,0.625,1.5555555555555556,51017,2020-09-01 17:47:05.929000-04:00,30,0,1,0.0,0.0,96.6666666666667,100.0,261,16.079,13.096,0.6336206896551724,1.3869731800766285,538440,2020-08-31 10:27:30.301000-04:00,2010.0,California,Yes,None
PSAXD6K,587965,0,0,1,1,9,19.066,19.068,0.75,1.222222222222222,51017,2020-09-01 17:47:05.929000-04:00,30,0,1,0.0,0.0,96.6666666666667,100.0,261,16.079,13.096,0.6336206896551724,1.3869731800766285,538440,2020-08-31 10:27:30.301000-04:00,2010.0,California,Yes,None
PSAXD6K,589760,0,0,1,1,9,20.71,27.712,0.75,1.1111111111111112,51017,2020-09-01 17:47:05.929000-04:00,30,0,1,0.0,0.0,96.6666666666667,100.0,261,16.079,13.096,0.6336206896551724,1.3869731800766285,538440,2020-08-31 10:27:30.301000-04:00,2010.0,California,Yes,None
PSAXD6K,590363,0,0,1,1,9,10.571,18.402,0.5,1.5555555555555556,51017,2020-09-01 17:47:05.929000-04:00,30,0,1,0.0,0.0,96.6666666666667,100.0,261,16.079,13.096,0.6336206896551724,1.3869731800766285,538440,2020-08-31 10:27:30.301000-04:00,2010.0,California,Yes,None
PSAXD6K,591557,0,0,1,1,9,16.964,16.97,0.5,1.6666666666666667,51017,2020-09-01 17:47:05.929000-04:00,30,0,1,0.0,0.0,96.6666666666667,100.0,261,16.079,13.096,0.6336206896551724,1.3869731800766285,538440,2020-08-31 10:27:30.301000-04:00,2010.0,California,Yes,None
PSAXD6K,591831,0,0,2,2,18,10.8735,11.652,0.625,1.3333333333333333,51017,2020-09-01 17:47:05.929000-04:00,30,0,1,0.0,0.0,96.6666666666667,100.0,261,16.079,13.096,0.6336206896551724,1.3869731800766285,538440,2020-08-31 10:27:30.301000-04:00,2010.0,California,Yes,None
PSAXD6K,596564,0,0,1,1,9,9.957,13.8,0.5,1.5555555555555556,51017,2020-09-01 17:47:05.929000-04:00,30,0,1,0.0,0.0,96.6666666666667,100.0,261,16.079,13.096,0.6336206896551724,1.3869731800766285,538440,2020-08-31 10:27:30.301000-04:00,2010.0,California,Yes,None
PSAXD6K,615257,0,0,1,1,9,6.643,8.676,0.5,1.6666666666666667,51017,2020-09-01 17:47:05.929000-04:00,30,0,1,0.0,0.0,96.6666666666667,100.0,261,16.079,13.096,0.6336206896551724,1.3869731800766285,538440,2020-08-31 10:27:30.301000-04:00,2010.0,California,Yes,None
PSAXD6K,600515,0,0,1,1,9,18.43,31.042,0.5,1.5555555555555556,51017,2020-09-01 17:47:05.929000-04:00,30,0,1,0.0,0.0,96.6666666666667,100.0,261,16.079,13.096,0.6336206896551724,1.3869731800766285,538440,2020-08-31 10:27:30.301000-04:00,2010.0,California,Yes,None
PSAXD6K,600677,0,0,1,1,9,19.36,19.37,0.875,1.222222222222222,51017,2020-09-01 17:47:05.929000-04:00,30,0,1,0.0,0.0,96.6666666666667,100.0,261,16.079,13.096,0.6336206896551724,1.3869731800766285,538440,2020-08-31 10:27:30.301000-04:00,2010.0,California,Yes,None
PSAXD6K,600690,0,0,1,1,9,10.448,12.625,0.625,1.4444444444444444,51017,2020-09-01 17:47:05.929000-04:00,30,0,1,0.0,0.0,96.6666666666667,100.0,261,16.079,13.096,0.6336206896551724,1.3869731800766285,538440,2020-08-31 10:27:30.301000-04:00,2010.0,California,Yes,None
PSAXD6K,601075,0,0,1,1,9,27.427,28.0,0.75,1.1111111111111112,51017,2020-09-01 17:47:05.929000-04:00,30,0,1,0.0,0.0,96.6666666666667,100.0,261,16.079,13.096,0.6336206896551724,1.3869731800766285,538440,2020-08-31 10:27:30.301000-04:00,2010.0,California,Yes,None
PSAXD6K,601255,0,0,1,1,9,13.09,14.993,0.75,1.1111111111111112,51017,2020-09-01 17:47:05.929000-04:00,30,0,1,0.0,0.0,96.6666666666667,100.0,261,16.079,13.096,0.6336206896551724,1.3869731800766285,538440,2020-08-31 10:27:30.301000-04:00,2010.0,California,Yes,None
PSAXD6K,573166,0,0,2,2,18,16.817,17.373,0.5625,1.5,51017,2020-09-01 17:47:05.929000-04:00,30,0,1,0.0,0.0,96.6666666666667,100.0,261,16.079,13.096,0.6336206896551724,1.3869731800766285,538440,2020-08-31 10:27:30.301000-04:00,2010.0,California,Yes,None
PSAXD6K,601750,0,0,1,1,9,16.547,16.568,0.875,1.1111111111111112,51017,2020-09-01 17:47:05.929000-04:00,30,0,1,0.0,0.0,96.6666666666667,100.0,261,16.079,13.096,0.6336206896551724,1.3869731800766285,538440,2020-08-31 10:27:30.301000-04:00,2010.0,California,Yes,None
PSAXD6K,601820,0,0,1,1,9,9.496,10.252,0.75,1.1111111111111112,51017,2020-09-01 17:47:05.929000-04:00,30,0,1,0.0,0.0,96.6666666666667,100.0,261,16.079,13.096,0.6336206896551724,1.3869731800766285,538440,2020-08-31 10:27:30.301000-04:00,2010.0,California,Yes,None
PSAXD6K,601854,0,0,1,1,9,24.357,24.362,0.625,1.4444444444444444,51017,2020-09-01 17:47:05.929000-04:00,30,0,1,0.0,0.0,96.6666666666667,100.0,261,16.079,13.096,0.6336206896551724,1.3869731800766285,538440,2020-08-31 10:27:30.301000-04:00,2010.0,California,Yes,None
PSAXD6K,601880,0,0,1,1,9,11.461,15.265,0.5,1.5555555555555556,51017,2020-09-01 17:47:05.929000-04:00,30,0,1,0.0,0.0,96.6666666666667,100.0,261,16.079,13.096,0.6336206896551724,1.3869731800766285,538440,2020-08-31 10:27:30.301000-04:00,2010.0,California,Yes,None
PSAXD6K,602094,0,0,1,1,9,33.534,37.211,0.5,1.5555555555555556,51017,2020-09-01 17:47:05.929000-04:00,30,0,1,0.0,0.0,96.6666666666667,100.0,261,16.079,13.096,0.6336206896551724,1.3869731800766285,538440,2020-08-31 10:27:30.301000-04:00,2010.0,California,Yes,None
PSAXD6K,602148,0,0,1,1,9,10.779,15.647,0.5,1.5555555555555556,51017,2020-09-01 17:47:05.929000-04:00,30,0,1,0.0,0.0,96.6666666666667,100.0,261,16.079,13.096,0.6336206896551724,1.3869731800766285,538440,2020-08-31 10:27:30.301000-04:00,2010.0,California,Yes,None
PSAXD6K,611818,8,8,1,1,35,35.562,38.816,0.8823529411764706,1.2285714285714286,51019,2020-09-01 17:47:05.932000-04:00,30,0,1,0.0,0.0,93.3333333333333,100.0,252,18.509,14.746,0.59375,1.4246031746031746,538440,2020-08-31 10:27:30.301000-04:00,2010.0,California,Yes,None
PSAXD6K,568830,0,0,1,1,9,19.09,20.748,0.5,1.3333333333333333,51019,2020-09-01 17:47:05.932000-04:00,30,0,1,0.0,0.0,93.3333333333333,100.0,252,18.509,14.746,0.59375,1.4246031746031746,538440,2020-08-31 10:27:30.301000-04:00,2010.0,California,Yes,None
PSAXD6K,568979,0,0,1,1,9,10.072,14.338,0.5,1.5555555555555556,51019,2020-09-01 17:47:05.932000-04:00,30,0,1,0.0,0.0,93.3333333333333,100.0,252,18.509,14.746,0.59375,1.4246031746031746,538440,2020-08-31 10:27:30.301000-04:00,2010.0,California,Yes,None
PSAXD6K,569197,0,0,1,1,9,8.651,10.623,0.875,1.1111111111111112,51019,2020-09-01 17:47:05.932000-04:00,30,0,1,0.0,0.0,93.3333333333333,100.0,252,18.509,14.746,0.59375,1.4246031746031746,538440,2020-08-31 10:27:30.301000-04:00,2010.0,California,Yes,None
PSAXD6K,569222,0,0,1,1,9,12.246,12.953,0.625,1.1111111111111112,51019,2020-09-01 17:47:05.932000-04:00,30,0,1,0.0,0.0,93.3333333333333,100.0,252,18.509,14.746,0.59375,1.4246031746031746,538440,2020-08-31 10:27:30.301000-04:00,2010.0,California,Yes,None
PSAXD6K,569233,0,0,1,1,9,16.053,16.647,0.5,1.5555555555555556,51019,2020-09-01 17:47:05.932000-04:00,30,0,1,0.0,0.0,93.3333333333333,100.0,252,18.509,14.746,0.59375,1.4246031746031746,538440,2020-08-31 10:27:30.301000-04:00,2010.0,California,Yes,None
PSAXD6K,569234,0,0,1,1,9,9.528,9.62,0.75,1.222222222222222,51019,2020-09-01 17:47:05.932000-04:00,30,0,1,0.0,0.0,93.3333333333333,100.0,252,18.509,14.746,0.59375,1.4246031746031746,538440,2020-08-31 10:27:30.301000-04:00,2010.0,California,Yes,None
PSAXD6K,569235,0,0,1,1,9,12.576,13.931,0.5,1.5555555555555556,51019,2020-09-01 17:47:05.932000-04:00,30,0,1,0.0,0.0,93.3333333333333,100.0,252,18.509,14.746,0.59375,1.4246031746031746,538440,2020-08-31 10:27:30.301000-04:00,2010.0,California,Yes,None
PSAXD6K,572196,0,0,1,1,9,23.34,28.123,0.625,1.4444444444444444,51019,2020-09-01 17:47:05.932000-04:00,30,0,1,0.0,0.0,93.3333333333333,100.0,252,18.509,14.746,0.59375,1.4246031746031746,538440,2020-08-31 10:27:30.301000-04:00,2010.0,California,Yes,None
PSAXD6K,576206,0,0,1,1,9,15.177,18.195,0.5,1.5555555555555556,51019,2020-09-01 17:47:05.932000-04:00,30,0,1,0.0,0.0,93.3333333333333,100.0,252,18.509,14.746,0.59375,1.4246031746031746,538440,2020-08-31 10:27:30.301000-04:00,2010.0,California,Yes,None
PSAXD6K,577717,0,0,1,1,9,21.699,21.701,0.75,1.0,51019,2020-09-01 17:47:05.932000-04:00,30,0,1,0.0,0.0,93.3333333333333,100.0,252,18.509,14.746,0.59375,1.4246031746031746,538440,2020-08-31 10:27:30.301000-04:00,2010.0,California,Yes,None
PSAXD6K,585815,0,0,1,1,9,16.355,19.371,0.5,1.5555555555555556,51019,2020-09-01 17:47:05.932000-04:00,30,0,1,0.0,0.0,93.3333333333333,100.0,252,18.509,14.746,0.59375,1.4246031746031746,538440,2020-08-31 10:27:30.301000-04:00,2010.0,California,Yes,None
PSAXD6K,586236,0,0,1,1,9,10.832,11.931,0.5,1.5555555555555556,51019,2020-09-01 17:47:05.932000-04:00,30,0,1,0.0,0.0,93.3333333333333,100.0,252,18.509,14.746,0.59375,1.4246031746031746,538440,2020-08-31 10:27:30.301000-04:00,2010.0,California,Yes,None
PSAXD6K,586257,0,0,1,1,9,20.773,21.452,0.75,1.3333333333333333,51019,2020-09-01 17:47:05.932000-04:00,30,0,1,0.0,0.0,93.3333333333333,100.0,252,18.509,14.746,0.59375,1.4246031746031746,538440,2020-08-31 10:27:30.301000-04:00,2010.0,California,Yes,None
PSAXD6K,761152,0,0,0,0,0,,,,,51019,2020-09-01 17:47:05.932000-04:00,30,0,1,0.0,0.0,93.3333333333333,100.0,252,18.509,14.746,0.59375,1.4246031746031746,538440,2020-08-31 10:27:30.301000-04:00,2010.0,California,Yes,None
PSAXD6K,747673,0,0,0,0,0,,,,,51019,2020-09-01 17:47:05.932000-04:00,30,0,1,0.0,0.0,93.3333333333333,100.0,252,18.509,14.746,0.59375,1.4246031746031746,538440,2020-08-31 10:27:30.301000-04:00,2010.0,California,Yes,None
PSAXD6K,596626,0,0,1,1,9,15.923,29.436,0.5,1.5555555555555556,51019,2020-09-01 17:47:05.932000-04:00,30,0,1,0.0,0.0,93.3333333333333,100.0,252,18.509,14.746,0.59375,1.4246031746031746,538440,2020-08-31 10:27:30.301000-04:00,2010.0,California,Yes,None
PSAXD6K,597468,0,0,1,1,9,22.322,27.015,0.5,1.5555555555555556,51019,2020-09-01 17:47:05.932000-04:00,30,0,1,0.0,0.0,93.3333333333333,100.0,252,18.509,14.746,0.59375,1.4246031746031746,538440,2020-08-31 10:27:30.301000-04:00,2010.0,California,Yes,None
PSAXD6K,600792,0,0,1,1,9,12.233,15.386,0.5,1.5555555555555556,51019,2020-09-01 17:47:05.932000-04:00,30,0,1,0.0,0.0,93.3333333333333,100.0,252,18.509,14.746,0.59375,1.4246031746031746,538440,2020-08-31 10:27:30.301000-04:00,2010.0,California,Yes,None
PSAXD6K,600861,0,0,1,1,9,17.101,17.397,0.75,1.1111111111111112,51019,2020-09-01 17:47:05.932000-04:00,30,0,1,0.0,0.0,93.3333333333333,100.0,252,18.509,14.746,0.59375,1.4246031746031746,538440,2020-08-31 10:27:30.301000-04:00,2010.0,California,Yes,None
PSAXD6K,601031,0,0,1,1,9,19.157,25.372,0.625,1.4444444444444444,51019,2020-09-01 17:47:05.932000-04:00,30,0,1,0.0,0.0,93.3333333333333,100.0,252,18.509,14.746,0.59375,1.4246031746031746,538440,2020-08-31 10:27:30.301000-04:00,2010.0,California,Yes,None
PSAXD6K,601605,0,0,1,1,9,13.561,23.3,0.5,1.5555555555555556,51019,2020-09-01 17:47:05.932000-04:00,30,0,1,0.0,0.0,93.3333333333333,100.0,252,18.509,14.746,0.59375,1.4246031746031746,538440,2020-08-31 10:27:30.301000-04:00,2010.0,California,Yes,None
PSAXD6K,601633,0,0,1,1,9,7.089,9.641,0.5,1.5555555555555556,51019,2020-09-01 17:47:05.932000-04:00,30,0,1,0.0,0.0,93.3333333333333,100.0,252,18.509,14.746,0.59375,1.4246031746031746,538440,2020-08-31 10:27:30.301000-04:00,2010.0,California,Yes,None
PSAXD6K,602109,0,0,1,1,9,11.085,11.087,0.5,1.5555555555555556,51019,2020-09-01 17:47:05.932000-04:00,30,0,1,0.0,0.0,93.3333333333333,100.0,252,18.509,14.746,0.59375,1.4246031746031746,538440,2020-08-31 10:27:30.301000-04:00,2010.0,California,Yes,None
PSAXD6K,602201,0,0,1,1,9,11.213,11.219,0.75,1.1111111111111112,51019,2020-09-01 17:47:05.932000-04:00,30,0,1,0.0,0.0,93.3333333333333,100.0,252,18.509,14.746,0.59375,1.4246031746031746,538440,2020-08-31 10:27:30.301000-04:00,2010.0,California,Yes,None
PSAXD6K,608490,0,0,1,1,9,18.578,19.364,0.625,1.4444444444444444,51019,2020-09-01 17:47:05.932000-04:00,30,0,1,0.0,0.0,93.3333333333333,100.0,252,18.509,14.746,0.59375,1.4246031746031746,538440,2020-08-31 10:27:30.301000-04:00,2010.0,California,Yes,None
PSAXD6K,900762,2,2,1,1,32,26.84,31.5565,0.5161290322580645,1.75,73875,2020-11-02 01:03:29.804000-05:00,29,2,1,96.551724137931,94.6428571428571,100.0,96.551724137931,530,23.9275,19.306,0.7051792828685259,1.3924528301886792,538440,2020-08-31 10:27:30.301000-04:00,2010.0,California,Yes,None
PSAXD6K,900502,2,2,1,1,24,24.718,26.3,0.6956521739130435,1.4583333333333333,73875,2020-11-02 01:03:29.804000-05:00,29,2,1,96.551724137931,94.6428571428571,100.0,96.551724137931,530,23.9275,19.306,0.7051792828685259,1.3924528301886792,538440,2020-08-31 10:27:30.301000-04:00,2010.0,California,Yes,None
PSAXD6K,901268,2,2,1,1,23,20.591,20.594,0.7727272727272727,1.2608695652173914,73875,2020-11-02 01:03:29.804000-05:00,29,2,1,96.551724137931,94.6428571428571,100.0,96.551724137931,530,23.9275,19.306,0.7051792828685259,1.3924528301886792,538440,2020-08-31 10:27:30.301000-04:00,2010.0,California,Yes,None
PSAXD6K,901271,2,2,1,1,15,18.577,27.125,0.7142857142857143,1.3333333333333333,73875,2020-11-02 01:03:29.804000-05:00,29,2,1,96.551724137931,94.6428571428571,100.0,96.551724137931,530,23.9275,19.306,0.7051792828685259,1.3924528301886792,538440,2020-08-31 10:27:30.301000-04:00,2010.0,California,Yes,None
PSAXD6K,901276,2,2,1,1,16,20.508,32.4325,0.6666666666666666,1.3125,73875,2020-11-02 01:03:29.804000-05:00,29,2,1,96.551724137931,94.6428571428571,100.0,96.551724137931,530,23.9275,19.306,0.7051792828685259,1.3924528301886792,538440,2020-08-31 10:27:30.301000-04:00,2010.0,California,Yes,None
PSAXD6K,901280,2,2,1,1,15,14.678,26.794,0.7142857142857143,1.3333333333333333,73875,2020-11-02 01:03:29.804000-05:00,29,2,1,96.551724137931,94.6428571428571,100.0,96.551724137931,530,23.9275,19.306,0.7051792828685259,1.3924528301886792,538440,2020-08-31 10:27:30.301000-04:00,2010.0,California,Yes,None
PSAXD6K,901284,2,2,1,1,15,16.75,24.13,0.7142857142857143,1.3333333333333333,73875,2020-11-02 01:03:29.804000-05:00,29,2,1,96.551724137931,94.6428571428571,100.0,96.551724137931,530,23.9275,19.306,0.7051792828685259,1.3924528301886792,538440,2020-08-31 10:27:30.301000-04:00,2010.0,California,Yes,None
PSAXD6K,901285,2,2,1,1,30,55.402,59.414,0.6896551724137931,1.4666666666666668,73875,2020-11-02 01:03:29.804000-05:00,29,2,1,96.551724137931,94.6428571428571,100.0,96.551724137931,530,23.9275,19.306,0.7051792828685259,1.3924528301886792,538440,2020-08-31 10:27:30.301000-04:00,2010.0,California,Yes,None
PSAXD6K,901287,2,2,1,1,15,10.576,11.952,0.8571428571428571,1.0666666666666667,73875,2020-11-02 01:03:29.804000-05:00,29,2,1,96.551724137931,94.6428571428571,100.0,96.551724137931,530,23.9275,19.306,0.7051792828685259,1.3924528301886792,538440,2020-08-31 10:27:30.301000-04:00,2010.0,California,Yes,None
PSAXD6K,901288,2,1,1,1,23,20.643,20.646,0.6363636363636364,1.434782608695652,73875,2020-11-02 01:03:29.804000-05:00,29,2,1,96.551724137931,94.6428571428571,100.0,96.551724137931,530,23.9275,19.306,0.7051792828685259,1.3924528301886792,538440,2020-08-31 10:27:30.301000-04:00,2010.0,California,Yes,None
PSAXD6K,901290,2,2,1,1,15,31.797,38.547,0.7142857142857143,1.3333333333333333,73875,2020-11-02 01:03:29.804000-05:00,29,2,1,96.551724137931,94.6428571428571,100.0,96.551724137931,530,23.9275,19.306,0.7051792828685259,1.3924528301886792,538440,2020-08-31 10:27:30.301000-04:00,2010.0,California,Yes,None
PSAXD6K,901291,2,2,1,0,6,86.744,86.749,1.0,1.0,73875,2020-11-02 01:03:29.804000-05:00,29,2,1,96.551724137931,94.6428571428571,100.0,96.551724137931,530,23.9275,19.306,0.7051792828685259,1.3924528301886792,538440,2020-08-31 10:27:30.301000-04:00,2010.0,California,Yes,None
PSAXD6K,901292,2,2,1,1,22,32.6425,39.971,0.7142857142857143,1.3636363636363635,73875,2020-11-02 01:03:29.804000-05:00,29,2,1,96.551724137931,94.6428571428571,100.0,96.551724137931,530,23.9275,19.306,0.7051792828685259,1.3924528301886792,538440,2020-08-31 10:27:30.301000-04:00,2010.0,California,Yes,None
PSAXD6K,901293,2,2,1,1,18,17.415,20.1285,0.7058823529411765,1.3333333333333333,73875,2020-11-02 01:03:29.804000-05:00,29,2,1,96.551724137931,94.6428571428571,100.0,96.551724137931,530,23.9275,19.306,0.7051792828685259,1.3924528301886792,538440,2020-08-31 10:27:30.301000-04:00,2010.0,California,Yes,None
PSAXD6K,901295,2,2,1,1,15,15.217,23.454,0.7142857142857143,1.4,73875,2020-11-02 01:03:29.804000-05:00,29,2,1,96.551724137931,94.6428571428571,100.0,96.551724137931,530,23.9275,19.306,0.7051792828685259,1.3924528301886792,538440,2020-08-31 10:27:30.301000-04:00,2010.0,California,Yes,None
PSAXD6K,901297,2,2,1,1,17,14.905,22.654,0.6875,1.352941176470588,73875,2020-11-02 01:03:29.804000-05:00,29,2,1,96.551724137931,94.6428571428571,100.0,96.551724137931,530,23.9275,19.306,0.7051792828685259,1.3924528301886792,538440,2020-08-31 10:27:30.301000-04:00,2010.0,California,Yes,None
PSAXD6K,901302,2,2,1,1,17,20.673,26.69,0.625,1.4705882352941175,73875,2020-11-02 01:03:29.804000-05:00,29,2,1,96.551724137931,94.6428571428571,100.0,96.551724137931,530,23.9275,19.306,0.7051792828685259,1.3924528301886792,538440,2020-08-31 10:27:30.301000-04:00,2010.0,California,Yes,None
PSAXD6K,901305,2,2,1,1,16,15.819,16.8145,0.8666666666666667,1.1875,73875,2020-11-02 01:03:29.804000-05:00,29,2,1,96.551724137931,94.6428571428571,100.0,96.551724137931,530,23.9275,19.306,0.7051792828685259,1.3924528301886792,538440,2020-08-31 10:27:30.301000-04:00,2010.0,California,Yes,None
PSAXD6K,901320,2,2,1,1,21,19.365,24.361,0.8,1.2380952380952381,73875,2020-11-02 01:03:29.804000-05:00,29,2,1,96.551724137931,94.6428571428571,100.0,96.551724137931,530,23.9275,19.306,0.7051792828685259,1.3924528301886792,538440,2020-08-31 10:27:30.301000-04:00,2010.0,California,Yes,None
PSAXD6K,901324,2,2,1,1,15,23.68,24.442,0.8571428571428571,1.1333333333333333,73875,2020-11-02 01:03:29.804000-05:00,29,2,1,96.551724137931,94.6428571428571,100.0,96.551724137931,530,23.9275,19.306,0.7051792828685259,1.3924528301886792,538440,2020-08-31 10:27:30.301000-04:00,2010.0,California,Yes,None
PSAXD6K,901325,2,2,1,1,15,11.991,12.7,0.7142857142857143,1.3333333333333333,73875,2020-11-02 01:03:29.804000-05:00,29,2,1,96.551724137931,94.6428571428571,100.0,96.551724137931,530,23.9275,19.306,0.7051792828685259,1.3924528301886792,538440,2020-08-31 10:27:30.301000-04:00,2010.0,California,Yes,None
PSAXD6K,901330,2,2,1,1,15,11.361,12.315,0.7857142857142857,1.2666666666666666,73875,2020-11-02 01:03:29.804000-05:00,29,2,1,96.551724137931,94.6428571428571,100.0,96.551724137931,530,23.9275,19.306,0.7051792828685259,1.3924528301886792,538440,2020-08-31 10:27:30.301000-04:00,2010.0,California,Yes,None
PSAXD6K,901331,2,2,1,1,15,16.255,17.523,0.7142857142857143,1.3333333333333333,73875,2020-11-02 01:03:29.804000-05:00,29,2,1,96.551724137931,94.6428571428571,100.0,96.551724137931,530,23.9275,19.306,0.7051792828685259,1.3924528301886792,538440,2020-08-31 10:27:30.301000-04:00,2010.0,California,Yes,None
PSAXD6K,901332,2,2,1,1,25,17.918,19.421,0.7083333333333334,1.56,73875,2020-11-02 01:03:29.804000-05:00,29,2,1,96.551724137931,94.6428571428571,100.0,96.551724137931,530,23.9275,19.306,0.7051792828685259,1.3924528301886792,538440,2020-08-31 10:27:30.301000-04:00,2010.0,California,Yes,None
PSAXD6K,900931,2,2,1,1,18,7.7935,11.889,0.6470588235294118,1.4444444444444444,73876,2020-11-02 01:03:29.809000-05:00,31,2,1,96.7741935483871,91.6666666666667,96.7741935483871,100.0,520,23.5195,18.119,0.7061224489795919,1.3557692307692308,538440,2020-08-31 10:27:30.301000-04:00,2010.0,California,Yes,None
PSAXD6K,900938,2,2,1,1,24,21.8095,23.6035,0.7391304347826086,1.2916666666666667,73876,2020-11-02 01:03:29.809000-05:00,31,2,1,96.7741935483871,91.6666666666667,96.7741935483871,100.0,520,23.5195,18.119,0.7061224489795919,1.3557692307692308,538440,2020-08-31 10:27:30.301000-04:00,2010.0,California,Yes,None
PSAXD6K,900942,2,2,1,1,19,20.348,27.721,0.6666666666666666,1.4210526315789473,73876,2020-11-02 01:03:29.809000-05:00,31,2,1,96.7741935483871,91.6666666666667,96.7741935483871,100.0,520,23.5195,18.119,0.7061224489795919,1.3557692307692308,538440,2020-08-31 10:27:30.301000-04:00,2010.0,California,Yes,None
PSAXD6K,900943,2,2,1,1,17,41.235,41.241,0.8125,1.1764705882352942,73876,2020-11-02 01:03:29.809000-05:00,31,2,1,96.7741935483871,91.6666666666667,96.7741935483871,100.0,520,23.5195,18.119,0.7061224489795919,1.3557692307692308,538440,2020-08-31 10:27:30.301000-04:00,2010.0,California,Yes,None
PSAXD6K,900591,7,7,1,1,51,25.9,39.587,0.68,1.647058823529412,73876,2020-11-02 01:03:29.809000-05:00,31,2,1,96.7741935483871,91.6666666666667,96.7741935483871,100.0,520,23.5195,18.119,0.7061224489795919,1.3557692307692308,538440,2020-08-31 10:27:30.301000-04:00,2010.0,California,Yes,None
PSAXD6K,900964,2,2,1,1,16,12.1995,15.0905,0.8,1.1875,73876,2020-11-02 01:03:29.809000-05:00,31,2,1,96.7741935483871,91.6666666666667,96.7741935483871,100.0,520,23.5195,18.119,0.7061224489795919,1.3557692307692308,538440,2020-08-31 10:27:30.301000-04:00,2010.0,California,Yes,None
PSAXD6K,900845,2,2,1,1,15,30.279,35.921,0.7142857142857143,1.2,73876,2020-11-02 01:03:29.809000-05:00,31,2,1,96.7741935483871,91.6666666666667,96.7741935483871,100.0,520,23.5195,18.119,0.7061224489795919,1.3557692307692308,538440,2020-08-31 10:27:30.301000-04:00,2010.0,California,Yes,None
PSAXD6K,900846,2,2,1,1,17,17.133,20.682,0.8125,1.1176470588235294,73876,2020-11-02 01:03:29.809000-05:00,31,2,1,96.7741935483871,91.6666666666667,96.7741935483871,100.0,520,23.5195,18.119,0.7061224489795919,1.3557692307692308,538440,2020-08-31 10:27:30.301000-04:00,2010.0,California,Yes,None
PSAXD6K,900847,2,2,1,1,16,14.224,20.838,0.7333333333333333,1.3125,73876,2020-11-02 01:03:29.809000-05:00,31,2,1,96.7741935483871,91.6666666666667,96.7741935483871,100.0,520,23.5195,18.119,0.7061224489795919,1.3557692307692308,538440,2020-08-31 10:27:30.301000-04:00,2010.0,California,Yes,None
PSAXD6K,900848,2,2,1,1,15,24.086,26.509,0.7857142857142857,1.2666666666666666,73876,2020-11-02 01:03:29.809000-05:00,31,2,1,96.7741935483871,91.6666666666667,96.7741935483871,100.0,520,23.5195,18.119,0.7061224489795919,1.3557692307692308,538440,2020-08-31 10:27:30.301000-04:00,2010.0,California,Yes,None
PSAXD6K,900849,2,2,1,1,15,15.333,23.135,0.7142857142857143,1.3333333333333333,73876,2020-11-02 01:03:29.809000-05:00,31,2,1,96.7741935483871,91.6666666666667,96.7741935483871,100.0,520,23.5195,18.119,0.7061224489795919,1.3557692307692308,538440,2020-08-31 10:27:30.301000-04:00,2010.0,California,Yes,None
PSAXD6K,900852,2,2,1,1,15,13.499,20.146,0.7857142857142857,1.2666666666666666,73876,2020-11-02 01:03:29.809000-05:00,31,2,1,96.7741935483871,91.6666666666667,96.7741935483871,100.0,520,23.5195,18.119,0.7061224489795919,1.3557692307692308,538440,2020-08-31 10:27:30.301000-04:00,2010.0,California,Yes,None
PSAXD6K,900853,2,2,1,1,19,19.206,20.508,0.7222222222222222,1.263157894736842,73876,2020-11-02 01:03:29.809000-05:00,31,2,1,96.7741935483871,91.6666666666667,96.7741935483871,100.0,520,23.5195,18.119,0.7061224489795919,1.3557692307692308,538440,2020-08-31 10:27:30.301000-04:00,2010.0,California,Yes,None
PSAXD6K,900855,2,2,1,1,17,19.508,27.515,0.6875,1.352941176470588,73876,2020-11-02 01:03:29.809000-05:00,31,2,1,96.7741935483871,91.6666666666667,96.7741935483871,100.0,520,23.5195,18.119,0.7061224489795919,1.3557692307692308,538440,2020-08-31 10:27:30.301000-04:00,2010.0,California,Yes,None
PSAXD6K,900857,2,2,1,1,18,22.93,22.931,0.7647058823529411,1.277777777777778,73876,2020-11-02 01:03:29.809000-05:00,31,2,1,96.7741935483871,91.6666666666667,96.7741935483871,100.0,520,23.5195,18.119,0.7061224489795919,1.3557692307692308,538440,2020-08-31 10:27:30.301000-04:00,2010.0,California,Yes,None
PSAXD6K,900865,2,2,1,1,15,11.206,16.733,0.7142857142857143,1.3333333333333333,73876,2020-11-02 01:03:29.809000-05:00,31,2,1,96.7741935483871,91.6666666666667,96.7741935483871,100.0,520,23.5195,18.119,0.7061224489795919,1.3557692307692308,538440,2020-08-31 10:27:30.301000-04:00,2010.0,California,Yes,None
PSAXD6K,900874,2,2,1,1,20,27.464,53.828,0.6842105263157895,1.4,73876,2020-11-02 01:03:29.809000-05:00,31,2,1,96.7741935483871,91.6666666666667,96.7741935483871,100.0,520,23.5195,18.119,0.7061224489795919,1.3557692307692308,538440,2020-08-31 10:27:30.301000-04:00,2010.0,California,Yes,None
PSAXD6K,900877,2,2,1,1,21,32.942,34.711,0.7,1.380952380952381,73876,2020-11-02 01:03:29.809000-05:00,31,2,1,96.7741935483871,91.6666666666667,96.7741935483871,100.0,520,23.5195,18.119,0.7061224489795919,1.3557692307692308,538440,2020-08-31 10:27:30.301000-04:00,2010.0,California,Yes,None
PSAXD6K,900878,2,2,1,1,15,30.015,30.02,0.7857142857142857,1.2666666666666666,73876,2020-11-02 01:03:29.809000-05:00,31,2,1,96.7741935483871,91.6666666666667,96.7741935483871,100.0,520,23.5195,18.119,0.7061224489795919,1.3557692307692308,538440,2020-08-31 10:27:30.301000-04:00,2010.0,California,Yes,None
PSAXD6K,900880,2,2,1,1,18,16.657,24.157,0.6470588235294118,1.3333333333333333,73876,2020-11-02 01:03:29.809000-05:00,31,2,1,96.7741935483871,91.6666666666667,96.7741935483871,100.0,520,23.5195,18.119,0.7061224489795919,1.3557692307692308,538440,2020-08-31 10:27:30.301000-04:00,2010.0,California,Yes,None
PSAXD6K,900883,2,2,1,1,15,20.095,20.096,0.7857142857142857,1.2666666666666666,73876,2020-11-02 01:03:29.809000-05:00,31,2,1,96.7741935483871,91.6666666666667,96.7741935483871,100.0,520,23.5195,18.119,0.7061224489795919,1.3557692307692308,538440,2020-08-31 10:27:30.301000-04:00,2010.0,California,Yes,None
PSAXD6K,900886,2,2,1,1,19,10.782,12.981,0.7222222222222222,1.263157894736842,73876,2020-11-02 01:03:29.809000-05:00,31,2,1,96.7741935483871,91.6666666666667,96.7741935483871,100.0,520,23.5195,18.119,0.7061224489795919,1.3557692307692308,538440,2020-08-31 10:27:30.301000-04:00,2010.0,California,Yes,None
PSAXD6K,900893,2,2,1,1,17,23.494,23.505,0.8125,1.2941176470588236,73876,2020-11-02 01:03:29.809000-05:00,31,2,1,96.7741935483871,91.6666666666667,96.7741935483871,100.0,520,23.5195,18.119,0.7061224489795919,1.3557692307692308,538440,2020-08-31 10:27:30.301000-04:00,2010.0,California,Yes,None
PSAXD6K,900905,2,1,1,1,22,15.6175,18.8955,0.5238095238095238,1.7272727272727273,73876,2020-11-02 01:03:29.809000-05:00,31,2,1,96.7741935483871,91.6666666666667,96.7741935483871,100.0,520,23.5195,18.119,0.7061224489795919,1.3557692307692308,538440,2020-08-31 10:27:30.301000-04:00,2010.0,California,Yes,None
PSAXD6K,900919,2,2,1,1,24,33.093,38.65,0.6086956521739131,1.4166666666666667,73876,2020-11-02 01:03:29.809000-05:00,31,2,1,96.7741935483871,91.6666666666667,96.7741935483871,100.0,520,23.5195,18.119,0.7061224489795919,1.3557692307692308,538440,2020-08-31 10:27:30.301000-04:00,2010.0,California,Yes,None
PSAXD6K,900493,2,2,1,1,17,17.978,17.98,0.875,1.0588235294117647,73877,2020-11-02 01:03:29.812000-05:00,30,2,1,86.6666666666667,96.1538461538462,96.6666666666667,100.0,496,30.161,21.549,0.6873661670235546,1.377016129032258,538440,2020-08-31 10:27:30.301000-04:00,2010.0,California,Yes,None
PSAXD6K,900568,2,2,1,1,15,18.523,26.972,0.7142857142857143,1.3333333333333333,73877,2020-11-02 01:03:29.812000-05:00,30,2,1,86.6666666666667,96.1538461538462,96.6666666666667,100.0,496,30.161,21.549,0.6873661670235546,1.377016129032258,538440,2020-08-31 10:27:30.301000-04:00,2010.0,California,Yes,None
PSAXD6K,900569,2,2,1,1,18,22.4335,27.583,0.7058823529411765,1.5,73877,2020-11-02 01:03:29.812000-05:00,30,2,1,86.6666666666667,96.1538461538462,96.6666666666667,100.0,496,30.161,21.549,0.6873661670235546,1.377016129032258,538440,2020-08-31 10:27:30.301000-04:00,2010.0,California,Yes,None
PSAXD6K,900570,2,1,1,1,23,25.136,25.14,0.7727272727272727,1.2173913043478262,73877,2020-11-02 01:03:29.812000-05:00,30,2,1,86.6666666666667,96.1538461538462,96.6666666666667,100.0,496,30.161,21.549,0.6873661670235546,1.377016129032258,538440,2020-08-31 10:27:30.301000-04:00,2010.0,California,Yes,None
PSAXD6K,900498,2,2,1,1,18,10.899,15.961,0.7058823529411765,1.3888888888888888,73877,2020-11-02 01:03:29.812000-05:00,30,2,1,86.6666666666667,96.1538461538462,96.6666666666667,100.0,496,30.161,21.549,0.6873661670235546,1.377016129032258,538440,2020-08-31 10:27:30.301000-04:00,2010.0,California,Yes,None
PSAXD6K,900499,2,2,1,1,18,19.7285,35.2635,0.7647058823529411,1.3888888888888888,73877,2020-11-02 01:03:29.812000-05:00,30,2,1,86.6666666666667,96.1538461538462,96.6666666666667,100.0,496,30.161,21.549,0.6873661670235546,1.377016129032258,538440,2020-08-31 10:27:30.301000-04:00,2010.0,California,Yes,None
PSAXD6K,900500,2,2,1,1,16,22.8825,27.869,0.6666666666666666,1.375,73877,2020-11-02 01:03:29.812000-05:00,30,2,1,86.6666666666667,96.1538461538462,96.6666666666667,100.0,496,30.161,21.549,0.6873661670235546,1.377016129032258,538440,2020-08-31 10:27:30.301000-04:00,2010.0,California,Yes,None
PSAXD6K,900501,2,2,1,1,27,60.471,60.474,0.5769230769230769,1.5555555555555556,73877,2020-11-02 01:03:29.812000-05:00,30,2,1,86.6666666666667,96.1538461538462,96.6666666666667,100.0,496,30.161,21.549,0.6873661670235546,1.377016129032258,538440,2020-08-31 10:27:30.301000-04:00,2010.0,California,Yes,None
PSAXD6K,900509,2,2,1,1,20,46.124,46.1255,0.7368421052631579,1.35,73877,2020-11-02 01:03:29.812000-05:00,30,2,1,86.6666666666667,96.1538461538462,96.6666666666667,100.0,496,30.161,21.549,0.6873661670235546,1.377016129032258,538440,2020-08-31 10:27:30.301000-04:00,2010.0,California,Yes,None
PSAXD6K,900510,2,2,1,1,15,16.536,24.093,0.7857142857142857,1.2666666666666666,73877,2020-11-02 01:03:29.812000-05:00,30,2,1,86.6666666666667,96.1538461538462,96.6666666666667,100.0,496,30.161,21.549,0.6873661670235546,1.377016129032258,538440,2020-08-31 10:27:30.301000-04:00,2010.0,California,Yes,None
PSAXD6K,900523,2,2,1,1,17,9.432,11.599,0.875,1.0588235294117647,73877,2020-11-02 01:03:29.812000-05:00,30,2,1,86.6666666666667,96.1538461538462,96.6666666666667,100.0,496,30.161,21.549,0.6873661670235546,1.377016129032258,538440,2020-08-31 10:27:30.301000-04:00,2010.0,California,Yes,None
PSAXD6K,900524,2,2,1,1,15,39.023,51.953,0.7142857142857143,1.3333333333333333,73877,2020-11-02 01:03:29.812000-05:00,30,2,1,86.6666666666667,96.1538461538462,96.6666666666667,100.0,496,30.161,21.549,0.6873661670235546,1.377016129032258,538440,2020-08-31 10:27:30.301000-04:00,2010.0,California,Yes,None
PSAXD6K,900525,2,2,1,1,18,20.1745,28.4665,0.7647058823529411,1.1666666666666667,73877,2020-11-02 01:03:29.812000-05:00,30,2,1,86.6666666666667,96.1538461538462,96.6666666666667,100.0,496,30.161,21.549,0.6873661670235546,1.377016129032258,538440,2020-08-31 10:27:30.301000-04:00,2010.0,California,Yes,None
PSAXD6K,900540,2,2,1,1,15,27.307,45.064,0.7142857142857143,1.3333333333333333,73877,2020-11-02 01:03:29.812000-05:00,30,2,1,86.6666666666667,96.1538461538462,96.6666666666667,100.0,496,30.161,21.549,0.6873661670235546,1.377016129032258,538440,2020-08-31 10:27:30.301000-04:00,2010.0,California,Yes,None
PSAXD6K,900542,2,2,1,1,15,37.53,41.016,0.7142857142857143,1.3333333333333333,73877,2020-11-02 01:03:29.812000-05:00,30,2,1,86.6666666666667,96.1538461538462,96.6666666666667,100.0,496,30.161,21.549,0.6873661670235546,1.377016129032258,538440,2020-08-31 10:27:30.301000-04:00,2010.0,California,Yes,None
PSAXD6K,901806,2,2,1,1,17,10.357,13.854,0.625,1.5882352941176472,73877,2020-11-02 01:03:29.812000-05:00,30,2,1,86.6666666666667,96.1538461538462,96.6666666666667,100.0,496,30.161,21.549,0.6873661670235546,1.377016129032258,538440,2020-08-31 10:27:30.301000-04:00,2010.0,California,Yes,None
PSAXD6K,901863,0,0,1,1,9,20.518,23.231,0.5,1.6666666666666667,73877,2020-11-02 01:03:29.812000-05:00,30,2,1,86.6666666666667,96.1538461538462,96.6666666666667,100.0,496,30.161,21.549,0.6873661670235546,1.377016129032258,538440,2020-08-31 10:27:30.301000-04:00,2010.0,California,Yes,None
PSAXD6K,900480,2,2,1,1,22,18.4605,23.2835,0.5714285714285714,1.4545454545454546,73877,2020-11-02 01:03:29.812000-05:00,30,2,1,86.6666666666667,96.1538461538462,96.6666666666667,100.0,496,30.161,21.549,0.6873661670235546,1.377016129032258,538440,2020-08-31 10:27:30.301000-04:00,2010.0,California,Yes,None
PSAXD6K,900483,2,2,1,1,16,21.739,27.2655,0.6666666666666666,1.375,73877,2020-11-02 01:03:29.812000-05:00,30,2,1,86.6666666666667,96.1538461538462,96.6666666666667,100.0,496,30.161,21.549,0.6873661670235546,1.377016129032258,538440,2020-08-31 10:27:30.301000-04:00,2010.0,California,Yes,None
PSAXD6K,900486,2,2,1,1,25,20.313,22.776,0.5833333333333334,1.52,73877,2020-11-02 01:03:29.812000-05:00,30,2,1,86.6666666666667,96.1538461538462,96.6666666666667,100.0,496,30.161,21.549,0.6873661670235546,1.377016129032258,538440,2020-08-31 10:27:30.301000-04:00,2010.0,California,Yes,None
PSAXD6K,900491,2,2,1,1,15,32.214,46.388,0.7142857142857143,1.3333333333333333,73877,2020-11-02 01:03:29.812000-05:00,30,2,1,86.6666666666667,96.1538461538462,96.6666666666667,100.0,496,30.161,21.549,0.6873661670235546,1.377016129032258,538440,2020-08-31 10:27:30.301000-04:00,2010.0,California,Yes,None
PSAXD6K,900492,2,2,1,1,15,20.42,20.612,0.7857142857142857,1.2666666666666666,73877,2020-11-02 01:03:29.812000-05:00,30,2,1,86.6666666666667,96.1538461538462,96.6666666666667,100.0,496,30.161,21.549,0.6873661670235546,1.377016129032258,538440,2020-08-31 10:27:30.301000-04:00,2010.0,California,Yes,None
PSAXD6K,900554,2,2,1,1,19,27.757,36.112,0.6666666666666666,1.4210526315789473,73877,2020-11-02 01:03:29.812000-05:00,30,2,1,86.6666666666667,96.1538461538462,96.6666666666667,100.0,496,30.161,21.549,0.6873661670235546,1.377016129032258,538440,2020-08-31 10:27:30.301000-04:00,2010.0,California,Yes,None
PSAXD6K,900494,2,2,1,1,18,53.673,64.8195,0.7647058823529411,1.3333333333333333,73877,2020-11-02 01:03:29.812000-05:00,30,2,1,86.6666666666667,96.1538461538462,96.6666666666667,100.0,496,30.161,21.549,0.6873661670235546,1.377016129032258,538440,2020-08-31 10:27:30.301000-04:00,2010.0,California,Yes,None
PSAXD6K,900495,2,2,1,1,15,20.837,30.79,0.7142857142857143,1.3333333333333333,73877,2020-11-02 01:03:29.812000-05:00,30,2,1,86.6666666666667,96.1538461538462,96.6666666666667,100.0,496,30.161,21.549,0.6873661670235546,1.377016129032258,538440,2020-08-31 10:27:30.301000-04:00,2010.0,California,Yes,None
PSAXD6K,998874,9,6,0,0,64,27.4785,33.843,0.609375,1.640625,82380,2021-03-03 06:35:22.783000-05:00,7,10,0,88.5714285714286,74.1935483870968,0.0,0.0,437,29.684,23.433,0.6086956521739131,1.5903890160183065,151037,2020-03-26 09:16:33.834000-04:00,1172.0,Michigan,Yes,None
PSAXD6K,998876,9,9,0,0,66,16.9845,22.931,0.7272727272727273,1.5606060606060606,82380,2021-03-03 06:35:22.783000-05:00,7,10,0,88.5714285714286,74.1935483870968,0.0,0.0,437,29.684,23.433,0.6086956521739131,1.5903890160183065,151037,2020-03-26 09:16:33.834000-04:00,1172.0,Michigan,Yes,None
PSAXD6K,998880,9,5,0,0,41,32.508,32.511,0.7804878048780488,1.2195121951219512,82380,2021-03-03 06:35:22.783000-05:00,7,10,0,88.5714285714286,74.1935483870968,0.0,0.0,437,29.684,23.433,0.6086956521739131,1.5903890160183065,151037,2020-03-26 09:16:33.834000-04:00,1172.0,Michigan,Yes,None
PSAXD6K,998883,9,7,0,0,63,23.911,32.048,0.5555555555555556,1.6825396825396826,82380,2021-03-03 06:35:22.783000-05:00,7,10,0,88.5714285714286,74.1935483870968,0.0,0.0,437,29.684,23.433,0.6086956521739131,1.5903890160183065,151037,2020-03-26 09:16:33.834000-04:00,1172.0,Michigan,Yes,None
PSAXD6K,999250,8,5,0,0,58,27.9115,37.998,0.46551724137931033,1.6379310344827587,82380,2021-03-03 06:35:22.783000-05:00,7,10,0,88.5714285714286,74.1935483870968,0.0,0.0,437,29.684,23.433,0.6086956521739131,1.5903890160183065,151037,2020-03-26 09:16:33.834000-04:00,1172.0,Michigan,Yes,None
PSAXD6K,998879,9,7,0,0,76,22.4295,32.154,0.5657894736842105,1.618421052631579,82380,2021-03-03 06:35:22.783000-05:00,7,10,0,88.5714285714286,74.1935483870968,0.0,0.0,437,29.684,23.433,0.6086956521739131,1.5903890160183065,151037,2020-03-26 09:16:33.834000-04:00,1172.0,Michigan,Yes,None
PSAXD6K,998878,9,7,0,0,69,19.153,20.264,0.6086956521739131,1.6376811594202898,82380,2021-03-03 06:35:22.783000-05:00,7,10,0,88.5714285714286,74.1935483870968,0.0,0.0,437,29.684,23.433,0.6086956521739131,1.5903890160183065,151037,2020-03-26 09:16:33.834000-04:00,1172.0,Michigan,Yes,None
PSAXD6K,588361,12,12,8,8,114,26.0815,27.05,0.8064516129032258,1.1491228070175439,83999,2021-04-20 15:50:05.030000-04:00,6,3,0,,0.0,0.0,0.0,0,,,,,910172,2020-11-08 12:20:47.152000-05:00,2038.0,California,No,None
PSAXD6K,588354,17,16,4,4,113,27.988,31.743,0.8686868686868687,1.1238938053097345,83999,2021-04-20 15:50:05.030000-04:00,6,3,0,,0.0,0.0,0.0,0,,,,,910172,2020-11-08 12:20:47.152000-05:00,2038.0,California,No,None
PSAXD6K,592288,8,7,4,4,119,23.356,29.443,0.5714285714285714,1.3445378151260503,83999,2021-04-20 15:50:05.030000-04:00,6,3,0,,0.0,0.0,0.0,0,,,,,910172,2020-11-08 12:20:47.152000-05:00,2038.0,California,No,None
PSAXD6K,588324,10,10,5,5,110,27.141,29.2305,0.8191489361702128,1.2,83999,2021-04-20 15:50:05.030000-04:00,6,3,0,,0.0,0.0,0.0,0,,,,,910172,2020-11-08 12:20:47.152000-05:00,2038.0,California,No,None
